id,apiName,date,dataReceived,downloadTime,responseTime,totalTime,contentSize,error
1,masterDonors,2026-08-12T05:45:06.685Z,true,7.39,307.41,314.8,26901,
2,masterFunds,2026-08-12T05:45:06.931Z,true,5.1,240.84,245.94,120170,
3,masterRegionalFunds,2026-08-12T05:45:07.167Z,true,2.88,233.28,236.15,4820,
4,masterAllocationTypes,2026-08-12T05:45:07.411Z,true,2.15,242.31,244.46,242,
5,launchedAllocationsData,2026-08-12T05:45:14.189Z,true,1278.5,5498.64,6777.14,940645,
6,contributionsData,2026-08-12T05:45:14.466Z,true,5.22,271.72,276.94,97991,
7,allocationFlowData,2026-08-12T05:45:15.002Z,true,2.42,533.95,536.37,50391,
8,masterPooledFunds,2026-08-12T05:45:15.349Z,true,0.58,346.27,346.84,3136,
9,masterPartners,2026-08-12T05:45:15.698Z,true,0.38,348,348.39,107,
10,masterSubPartners,2026-08-12T05:45:16.063Z,true,0.49,364.66,365.15,483,
11,allocationsData,2026-08-12T05:45:16.424Z,true,4.45,356.99,361.44,195618,
12,contributionsTotalData,2026-08-12T05:45:17.270Z,true,5.99,839.58,845.57,287943,
13,targetedPersonsData,2026-08-12T05:45:18.153Z,true,8.49,873.68,882.17,437675,
14,targetedPersonsDetailsData,2026-08-12T05:45:20.419Z,true,1610.24,656.19,2266.43,2206579,
15,dataGam,2026-08-12T05:45:21.362Z,true,2.63,940.56,943.19,36260,
16,masterGam,2026-08-12T05:45:21.703Z,true,0.65,339.48,340.13,947,
17,masterOrganizations,2026-08-12T05:45:21.970Z,true,2.49,264.85,267.34,258,
18,masterSectors,2026-08-12T05:45:22.205Z,true,1.29,233.46,234.75,1386,
19,allocationsDataResults,2026-08-12T05:45:22.557Z,true,1.78,350.22,351.99,94217,
20,resultsBySector,2026-08-12T05:45:22.881Z,true,36.66,287.77,324.43,1115700,
21,resultsByDisability,2026-08-12T05:45:23.379Z,true,11.44,486.7,498.14,1119647,
22,resultsByType,2026-08-12T05:45:24.048Z,true,27.88,640.62,668.5,3375009,
23,resultsByBeneficiaryType,2026-08-12T05:45:24.363Z,true,20.17,294.8,314.97,1474733,
24,resultsByOrganization,2026-08-12T05:45:24.663Z,true,13.51,286.64,300.16,1250343,
25,masterLocations,2026-08-12T05:45:24.950Z,true,8.25,278.58,286.83,961157,
26,masterBeneficiaryType,2026-08-12T05:45:25.197Z,true,1.11,245.72,246.83,602,
27,projectSummaryProgress,2026-08-12T05:45:25.726Z,true,3.82,524.99,528.81,189611,
28,sectorsData,2026-08-12T05:45:26.431Z,true,9.79,695.83,705.63,142729,
29,globalIndicators,2026-08-12T05:45:35.848Z,true,644.14,8772.68,9416.82,1185966,
30,masterOrganizationsProgress,2026-08-12T05:45:37.558Z,true,644.28,1065.66,1709.94,1446585,
31,projectStatusMaster,2026-08-12T05:45:37.962Z,true,4.93,399.14,404.07,652546,
32,masterAllocationSource,2026-08-12T05:45:38.299Z,true,0.28,336.65,336.93,54,
33,masterSectorsVo2,2026-08-12T05:45:38.638Z,true,0.4,338.5,338.9,464,
34,masterGlobalIndicators,2026-08-12T05:45:38.983Z,true,1.85,342.8,344.64,101672,
35,masterEmergencies,2026-08-12T05:45:39.322Z,true,0.39,339.32,339.71,2278,
36,projectSummary,2026-08-12T05:45:39.685Z,true,1.88,360.72,362.61,244663,
37,projectSummaryAggregate,2026-08-12T05:45:41.381Z,true,643.78,1052.07,1695.85,1858665,
38,HRPSummary,2026-08-12T05:45:41.984Z,true,1.39,601.58,602.97,18674,
39,emergencySummary,2026-08-12T05:45:42.742Z,true,319.85,438.3,758.14,1036013,
40,CVAData,2026-08-12T05:45:43.101Z,true,2.88,356.23,359.11,239286,
41,CVAMaster,2026-08-12T05:45:43.450Z,true,0.41,348.69,349.1,516,
42,BDT1 beneficiaries,2026-08-12T05:45:44.447Z,true,1.38,994.66,996.04,9205,
43,BDT1 beneficiaries by partner type,2026-08-12T05:45:44.719Z,true,1.13,271.19,272.33,11849,
44,BDT1 beneficiaries by sector,2026-08-12T05:45:44.981Z,true,1.61,260.29,261.9,25542,
45,BDT2 beneficiaries,2026-08-12T05:45:45.214Z,true,1.02,231.94,232.96,5890,
46,BDT2 beneficiaries by partner type,2026-08-12T05:45:45.457Z,true,1.34,242.02,243.36,14560,
47,BDT2 beneficiaries by sector,2026-08-12T05:45:45.706Z,true,1.26,246.92,248.17,40546,
1,masterDonors,2026-08-13T01:05:12.844Z,true,4.81,121.11,125.92,26901,
2,masterFunds,2026-08-13T01:05:12.884Z,true,3.16,36.84,40,120170,
3,masterRegionalFunds,2026-08-13T01:05:12.923Z,true,0.87,38.23,39.11,4820,
4,masterAllocationTypes,2026-08-13T01:05:12.961Z,true,0.57,37.31,37.88,242,
5,launchedAllocationsData,2026-08-13T01:05:19.170Z,true,418.59,5790.71,6209.31,940489,
6,contributionsData,2026-08-13T01:05:19.226Z,true,2.96,52.49,55.46,98009,
7,allocationFlowData,2026-08-13T01:05:19.607Z,true,1.41,379.1,380.51,50391,
8,masterPooledFunds,2026-08-13T01:05:19.735Z,true,0.27,128.52,128.79,3136,
9,masterPartners,2026-08-13T01:05:19.869Z,true,0.28,133.16,133.44,107,
10,masterSubPartners,2026-08-13T01:05:19.998Z,true,0.33,128.85,129.18,483,
11,allocationsData,2026-08-13T01:05:20.151Z,true,2.59,149.99,152.58,195618,
12,contributionsTotalData,2026-08-13T01:05:20.928Z,true,4.33,772.53,776.86,288048,
13,targetedPersonsData,2026-08-13T01:05:21.601Z,true,5.77,667.5,673.26,437675,
14,targetedPersonsDetailsData,2026-08-13T01:05:22.587Z,true,531.97,454.15,986.13,2206579,
15,dataGam,2026-08-13T01:05:23.619Z,true,1.58,1029.95,1031.53,36260,
16,masterGam,2026-08-13T01:05:23.748Z,true,0.24,128.82,129.06,947,
17,masterOrganizations,2026-08-13T01:05:23.786Z,true,0.66,37.56,38.22,258,
18,masterSectors,2026-08-13T01:05:23.823Z,true,0.62,36.01,36.64,1386,
19,allocationsDataResults,2026-08-13T01:05:23.972Z,true,1.5,147.46,148.95,94217,
20,resultsBySector,2026-08-13T01:05:24.087Z,true,13.14,101.9,115.04,1122770,
21,resultsByDisability,2026-08-13T01:05:24.178Z,true,12.38,78.7,91.08,1124927,
22,resultsByType,2026-08-13T01:05:24.328Z,true,30.13,119.9,150.03,3382403,
23,resultsByBeneficiaryType,2026-08-13T01:05:24.423Z,true,13.08,81.79,94.87,1481904,
24,resultsByOrganization,2026-08-13T01:05:24.570Z,true,11.08,136.11,147.18,1256124,
25,masterLocations,2026-08-13T01:05:24.667Z,true,5.69,91.64,97.32,962912,
26,masterBeneficiaryType,2026-08-13T01:05:24.701Z,true,0.49,32.98,33.47,602,
27,projectSummaryProgress,2026-08-13T01:05:25.170Z,true,4.26,465,469.27,189611,
28,sectorsData,2026-08-13T01:05:26.036Z,true,1.86,863.89,865.75,142729,
29,globalIndicators,2026-08-13T01:05:48.196Z,true,211.87,21947.9,22159.77,1185966,
30,masterOrganizationsProgress,2026-08-13T01:05:49.779Z,true,215.47,1367.69,1583.16,1446585,
31,projectStatusMaster,2026-08-13T01:05:50.543Z,true,3.56,760.26,763.82,652505,
32,masterAllocationSource,2026-08-13T01:05:50.667Z,true,0.19,123.63,123.82,54,
33,masterSectorsVo2,2026-08-13T01:05:50.791Z,true,0.2,123.66,123.86,464,
34,masterGlobalIndicators,2026-08-13T01:05:50.948Z,true,1.07,156.27,157.34,101672,
35,masterEmergencies,2026-08-13T01:05:51.101Z,true,0.17,152.42,152.59,2278,
36,projectSummary,2026-08-13T01:05:51.257Z,true,2.73,153.45,156.18,244663,
37,projectSummaryAggregate,2026-08-13T01:05:52.820Z,true,215.55,1347.71,1563.26,1858665,
38,HRPSummary,2026-08-13T01:05:53.319Z,true,0.55,498.13,498.68,18674,
39,emergencySummary,2026-08-13T01:05:54.119Z,true,106.47,693.63,800.1,1036717,
40,CVAData,2026-08-13T01:05:54.356Z,true,2.19,234.89,237.09,239327,
41,CVAMaster,2026-08-13T01:05:54.501Z,true,0.19,144.23,144.42,516,
42,BDT1 beneficiaries,2026-08-13T01:05:54.694Z,true,0.41,192.81,193.22,9249,
43,BDT1 beneficiaries by partner type,2026-08-13T01:05:54.757Z,true,0.53,62.85,63.38,11942,
44,BDT1 beneficiaries by sector,2026-08-13T01:05:54.821Z,true,0.47,63,63.46,25761,
45,BDT2 beneficiaries,2026-08-13T01:05:54.896Z,true,0.29,75.31,75.6,5957,
46,BDT2 beneficiaries by partner type,2026-08-13T01:05:54.954Z,true,0.44,56.91,57.36,14705,
47,BDT2 beneficiaries by sector,2026-08-13T01:05:55.025Z,true,0.53,70.5,71.03,40931,
1,masterDonors,2026-08-16T23:15:06.981Z,true,4.77,209.37,214.14,26901,
2,masterFunds,2026-08-16T23:15:07.028Z,true,3.71,43.84,47.56,120170,
3,masterRegionalFunds,2026-08-16T23:15:07.059Z,true,1.05,29.34,30.39,4820,
4,masterAllocationTypes,2026-08-16T23:15:07.079Z,true,0.57,19.83,20.4,242,
5,launchedAllocationsData,2026-08-16T23:15:14.007Z,true,353.28,6574.07,6927.34,945034,
6,contributionsData,2026-08-16T23:15:14.056Z,true,3.04,46.1,49.14,98065,
7,allocationFlowData,2026-08-16T23:15:14.552Z,true,1.28,495.21,496.49,50415,
8,masterPooledFunds,2026-08-16T23:15:14.670Z,true,0.31,116.98,117.29,3136,
9,masterPartners,2026-08-16T23:15:14.775Z,true,0.3,105.15,105.45,107,
10,masterSubPartners,2026-08-16T23:15:14.883Z,true,0.43,107.56,108,483,
11,allocationsData,2026-08-16T23:15:15.039Z,true,3.16,152.23,155.38,195629,
12,contributionsTotalData,2026-08-16T23:15:15.700Z,true,4.51,657.05,661.56,288284,
13,targetedPersonsData,2026-08-16T23:15:16.654Z,true,89.53,863.55,953.08,437879,
14,targetedPersonsDetailsData,2026-08-16T23:15:17.670Z,true,449.49,567.35,1016.85,2207770,
15,dataGam,2026-08-16T23:15:18.538Z,true,1.23,866.19,867.42,36298,
16,masterGam,2026-08-16T23:15:18.673Z,true,0.22,135.14,135.36,947,
17,masterOrganizations,2026-08-16T23:15:18.714Z,true,0.73,39.66,40.39,258,
18,masterSectors,2026-08-16T23:15:18.741Z,true,0.57,26.52,27.09,1386,
19,allocationsDataResults,2026-08-16T23:15:18.858Z,true,1.69,115.72,117.41,94223,
20,resultsBySector,2026-08-16T23:15:18.954Z,true,20.3,74.99,95.29,1124747,
21,resultsByDisability,2026-08-16T23:15:19.044Z,true,12.6,77.47,90.07,1126516,
22,resultsByType,2026-08-16T23:15:19.205Z,true,31.16,130.59,161.74,3383973,
23,resultsByBeneficiaryType,2026-08-16T23:15:19.285Z,true,12.93,66.28,79.22,1484337,
24,resultsByOrganization,2026-08-16T23:15:19.366Z,true,10.74,70.37,81.11,1257980,
25,masterLocations,2026-08-16T23:15:19.433Z,true,7.2,59.58,66.78,962971,
26,masterBeneficiaryType,2026-08-16T23:15:19.464Z,true,0.54,30.7,31.24,602,
27,projectSummaryProgress,2026-08-16T23:15:20.111Z,true,2.82,643.73,646.55,192779,
28,sectorsData,2026-08-16T23:15:20.711Z,true,1.97,598.8,600.77,144490,
29,globalIndicators,2026-08-16T23:15:30.382Z,true,181.74,9488.61,9670.35,1189277,
30,masterOrganizationsProgress,2026-08-16T23:15:31.276Z,true,181.98,712.11,894.09,1450115,
31,projectStatusMaster,2026-08-16T23:15:31.580Z,true,3.83,300.04,303.88,652604,
32,masterAllocationSource,2026-08-16T23:15:31.687Z,true,0.17,107.4,107.57,54,
33,masterSectorsVo2,2026-08-16T23:15:31.805Z,true,0.21,117.76,117.97,464,
34,masterGlobalIndicators,2026-08-16T23:15:31.936Z,true,1.05,129.16,130.21,105611,
35,masterEmergencies,2026-08-16T23:15:32.075Z,true,0.21,138.94,139.15,2278,
36,projectSummary,2026-08-16T23:15:32.225Z,true,2.74,147.75,150.49,248450,
37,projectSummaryAggregate,2026-08-16T23:15:40.872Z,true,182.34,8464.74,8647.08,1862304,
38,HRPSummary,2026-08-16T23:15:41.272Z,true,0.58,399.13,399.71,18674,
39,emergencySummary,2026-08-16T23:15:41.699Z,true,91.53,335.12,426.65,1037443,
40,CVAData,2026-08-16T23:15:41.864Z,true,2.88,162.56,165.44,239711,
41,CVAMaster,2026-08-16T23:15:41.977Z,true,0.14,112.38,112.52,516,
42,BDT1 beneficiaries,2026-08-16T23:15:42.053Z,true,0.44,75.93,76.37,9073,
43,BDT1 beneficiaries by partner type,2026-08-16T23:15:42.091Z,true,0.37,37.72,38.09,11754,
44,BDT1 beneficiaries by sector,2026-08-16T23:15:42.133Z,true,0.43,41.4,41.83,25418,
45,BDT2 beneficiaries,2026-08-16T23:15:42.181Z,true,0.38,47.65,48.03,5995,
46,BDT2 beneficiaries by partner type,2026-08-16T23:15:42.211Z,true,0.38,29.34,29.72,14610,
47,BDT2 beneficiaries by sector,2026-08-16T23:15:42.256Z,true,0.63,43.82,44.44,40747,
1,masterDonors,2026-08-16T23:51:36.727Z,true,4.6,407.84,412.44,26901,
2,masterFunds,2026-08-16T23:51:36.919Z,true,6.66,185.9,192.56,120170,
3,masterRegionalFunds,2026-08-16T23:51:37.103Z,true,0.9,182.68,183.58,4820,
4,masterAllocationTypes,2026-08-16T23:51:37.288Z,true,0.56,184.19,184.75,242,
5,launchedAllocationsData,2026-08-16T23:51:46.049Z,true,771.12,7990.67,8761.79,945034,
6,contributionsData,2026-08-16T23:51:46.375Z,true,10.43,314.77,325.19,98065,
7,allocationFlowData,2026-08-16T23:51:46.798Z,true,1.25,422.25,423.5,50415,
8,masterPooledFunds,2026-08-16T23:51:47.018Z,true,0.26,219.77,220.04,3136,
9,masterPartners,2026-08-16T23:51:47.231Z,true,0.23,212.03,212.26,107,
10,masterSubPartners,2026-08-16T23:51:47.439Z,true,0.27,208.26,208.53,483,
11,allocationsData,2026-08-16T23:51:47.680Z,true,3.12,237.41,240.53,195629,
12,contributionsTotalData,2026-08-16T23:51:48.354Z,true,3.62,670.11,673.72,288212,
13,targetedPersonsData,2026-08-16T23:51:49.089Z,true,5.69,729.49,735.18,437879,
14,targetedPersonsDetailsData,2026-08-16T23:51:50.633Z,true,975.12,569.27,1544.39,2207770,
15,dataGam,2026-08-16T23:51:51.449Z,true,0.94,815.22,816.16,36298,
16,masterGam,2026-08-16T23:51:51.660Z,true,0.22,210.22,210.45,947,
17,masterOrganizations,2026-08-16T23:51:51.953Z,true,1.02,292.46,293.48,258,
18,masterSectors,2026-08-16T23:51:52.137Z,true,0.57,183.29,183.86,1386,
19,allocationsDataResults,2026-08-16T23:51:52.373Z,true,1.54,234.46,236,94223,
20,resultsBySector,2026-08-16T23:51:52.764Z,true,171.5,218.91,390.41,1124747,
21,resultsByDisability,2026-08-16T23:51:53.054Z,true,62.02,228.39,290.41,1126516,
22,resultsByType,2026-08-16T23:51:53.449Z,true,113.27,281.42,394.69,3383973,
23,resultsByBeneficiaryType,2026-08-16T23:51:53.695Z,true,14.32,231.6,245.91,1484337,
24,resultsByOrganization,2026-08-16T23:51:53.926Z,true,13.14,217.55,230.69,1257980,
25,masterLocations,2026-08-16T23:51:54.147Z,true,7.05,214.11,221.16,962971,
26,masterBeneficiaryType,2026-08-16T23:51:54.332Z,true,0.56,184.87,185.44,602,
27,projectSummaryProgress,2026-08-16T23:51:54.768Z,true,2.78,433.03,435.81,192779,
28,sectorsData,2026-08-16T23:51:55.342Z,true,1.88,571.54,573.43,144490,
29,globalIndicators,2026-08-16T23:52:04.060Z,true,390.06,8328.85,8718.91,1189277,
30,masterOrganizationsProgress,2026-08-16T23:52:05.198Z,true,391.33,745.92,1137.24,1450115,
31,projectStatusMaster,2026-08-16T23:52:05.475Z,true,3.3,274.24,277.53,652604,
32,masterAllocationSource,2026-08-16T23:52:05.689Z,true,0.16,213.38,213.54,54,
33,masterSectorsVo2,2026-08-16T23:52:05.897Z,true,0.22,207.73,207.95,464,
34,masterGlobalIndicators,2026-08-16T23:52:06.120Z,true,0.92,222.48,223.4,105611,
35,masterEmergencies,2026-08-16T23:52:06.339Z,true,0.17,218.82,218.99,2278,
36,projectSummary,2026-08-16T23:52:06.594Z,true,2.38,251.84,254.21,248450,
37,projectSummaryAggregate,2026-08-16T23:52:07.900Z,true,390.2,916.21,1306.4,1862304,
38,HRPSummary,2026-08-16T23:52:08.308Z,true,0.64,407.72,408.36,18674,
39,emergencySummary,2026-08-16T23:52:08.835Z,true,194.92,331.58,526.5,1037443,
40,CVAData,2026-08-16T23:52:09.074Z,true,2,237.43,239.43,239711,
41,CVAMaster,2026-08-16T23:52:09.305Z,true,0.16,230.18,230.33,516,
42,BDT1 beneficiaries,2026-08-16T23:52:10.043Z,true,0.35,737.64,737.99,9073,
43,BDT1 beneficiaries by partner type,2026-08-16T23:52:10.201Z,true,0.36,157.93,158.29,11754,
44,BDT1 beneficiaries by sector,2026-08-16T23:52:10.355Z,true,0.4,153.18,153.59,25418,
45,BDT2 beneficiaries,2026-08-16T23:52:10.482Z,true,0.29,127.36,127.65,5995,
46,BDT2 beneficiaries by partner type,2026-08-16T23:52:10.625Z,true,0.45,142.22,142.67,14610,
47,BDT2 beneficiaries by sector,2026-08-16T23:52:10.782Z,true,0.55,156.23,156.78,40747,
1,masterDonors,2026-08-17T02:46:15.893Z,true,4.79,160.85,165.64,26901,
2,masterFunds,2026-08-17T02:46:15.999Z,true,3.46,103.15,106.61,120170,
3,masterRegionalFunds,2026-08-17T02:46:16.110Z,true,2.1,108.02,110.12,4820,
4,masterAllocationTypes,2026-08-17T02:46:16.211Z,true,0.63,100.25,100.89,242,
5,launchedAllocationsData,2026-08-17T02:46:21.991Z,true,591.53,5188.79,5780.32,945034,
6,contributionsData,2026-08-17T02:46:22.112Z,true,3.57,117.85,121.42,98066,
7,allocationFlowData,2026-08-17T02:46:22.610Z,true,1.33,496.36,497.69,50415,
8,masterPooledFunds,2026-08-17T02:46:22.788Z,true,0.3,177.82,178.12,3136,
9,masterPartners,2026-08-17T02:46:22.953Z,true,0.26,164.18,164.44,107,
10,masterSubPartners,2026-08-17T02:46:23.131Z,true,0.3,178,178.3,483,
11,allocationsData,2026-08-17T02:46:23.327Z,true,2.71,192.85,195.56,195629,
12,contributionsTotalData,2026-08-17T02:46:24.038Z,true,4.39,706.4,710.79,288284,
13,targetedPersonsData,2026-08-17T02:46:24.722Z,true,6.04,678.4,684.45,437879,
14,targetedPersonsDetailsData,2026-08-17T02:46:26.026Z,true,748.11,555.56,1303.67,2207771,
15,dataGam,2026-08-17T02:46:26.832Z,true,2.44,803.73,806.17,36298,
16,masterGam,2026-08-17T02:46:26.996Z,true,0.23,164.09,164.32,947,
17,masterOrganizations,2026-08-17T02:46:27.095Z,true,0.88,97.87,98.75,258,
18,masterSectors,2026-08-17T02:46:27.196Z,true,0.55,99.8,100.35,1386,
19,allocationsDataResults,2026-08-17T02:46:27.372Z,true,1.83,174.07,175.9,94223,
20,resultsBySector,2026-08-17T02:46:27.633Z,true,11.51,250.24,261.75,1125145,
21,resultsByDisability,2026-08-17T02:46:27.787Z,true,11.46,142.68,154.14,1127284,
22,resultsByType,2026-08-17T02:46:28.011Z,true,31.19,192.79,223.98,3384676,
23,resultsByBeneficiaryType,2026-08-17T02:46:28.224Z,true,13.21,199.66,212.87,1485463,
24,resultsByOrganization,2026-08-17T02:46:28.510Z,true,13.17,272.25,285.41,1258758,
25,masterLocations,2026-08-17T02:46:28.634Z,true,6.02,118.17,124.2,962971,
26,masterBeneficiaryType,2026-08-17T02:46:28.746Z,true,0.48,111.85,112.32,602,
27,projectSummaryProgress,2026-08-17T02:46:29.157Z,true,2.79,407.69,410.48,192779,
28,sectorsData,2026-08-17T02:46:29.675Z,true,1.57,516.12,517.69,144523,
29,globalIndicators,2026-08-17T02:46:38.968Z,true,301.99,8991.15,9293.14,1189282,
30,masterOrganizationsProgress,2026-08-17T02:46:40.412Z,true,301.54,1142.61,1444.15,1450142,
31,projectStatusMaster,2026-08-17T02:46:40.676Z,true,3.82,260.24,264.06,652513,
32,masterAllocationSource,2026-08-17T02:46:40.840Z,true,0.25,163.96,164.21,54,
33,masterSectorsVo2,2026-08-17T02:46:41.005Z,true,0.24,164.68,164.92,464,
34,masterGlobalIndicators,2026-08-17T02:46:41.178Z,true,1.25,171.58,172.83,105611,
35,masterEmergencies,2026-08-17T02:46:41.345Z,true,0.24,166.89,167.13,2278,
36,projectSummary,2026-08-17T02:46:41.577Z,true,3.07,228.37,231.44,248450,
37,projectSummaryAggregate,2026-08-17T02:46:43.521Z,true,305.01,1638.67,1943.68,1862304,
38,HRPSummary,2026-08-17T02:46:43.913Z,true,0.58,392.34,392.91,18674,
39,emergencySummary,2026-08-17T02:46:44.357Z,true,150.38,293.25,443.63,1037443,
40,CVAData,2026-08-17T02:46:44.553Z,true,2.81,193.26,196.07,239711,
41,CVAMaster,2026-08-17T02:46:44.721Z,true,0.16,167.05,167.21,516,
42,BDT1 beneficiaries,2026-08-17T02:46:45.053Z,true,0.47,332.37,332.83,9073,
43,BDT1 beneficiaries by partner type,2026-08-17T02:46:45.151Z,true,0.43,96.67,97.1,11754,
44,BDT1 beneficiaries by sector,2026-08-17T02:46:45.287Z,true,0.69,135.4,136.09,25418,
45,BDT2 beneficiaries,2026-08-17T02:46:45.388Z,true,0.35,101.46,101.81,5995,
46,BDT2 beneficiaries by partner type,2026-08-17T02:46:45.482Z,true,0.4,93.08,93.48,14610,
47,BDT2 beneficiaries by sector,2026-08-17T02:46:45.586Z,true,0.64,103.35,103.99,40747,
1,masterDonors,2026-08-18T02:41:08.331Z,true,4.41,155.68,160.09,26901,
2,masterFunds,2026-08-18T02:41:08.462Z,true,3.28,128.02,131.3,120170,
3,masterRegionalFunds,2026-08-18T02:41:08.561Z,true,0.9,97.6,98.5,4820,
4,masterAllocationTypes,2026-08-18T02:41:08.662Z,true,0.53,101.22,101.76,242,
5,launchedAllocationsData,2026-08-18T02:41:12.788Z,true,598.6,3526.87,4125.46,945045,
6,contributionsData,2026-08-18T02:41:12.930Z,true,3.02,139.34,142.36,98090,
7,allocationFlowData,2026-08-18T02:41:13.307Z,true,1.22,375.32,376.54,50415,
8,masterPooledFunds,2026-08-18T02:41:13.479Z,true,0.77,171.06,171.83,3136,
9,masterPartners,2026-08-18T02:41:13.646Z,true,0.23,166.56,166.79,107,
10,masterSubPartners,2026-08-18T02:41:13.811Z,true,0.28,164.54,164.81,483,
11,allocationsData,2026-08-18T02:41:13.998Z,true,2.77,184.36,187.13,195897,
12,contributionsTotalData,2026-08-18T02:41:14.609Z,true,4.07,607.59,611.66,288284,
13,targetedPersonsData,2026-08-18T02:41:15.300Z,true,6.47,683.95,690.42,437889,
14,targetedPersonsDetailsData,2026-08-18T02:41:16.605Z,true,762.41,542.54,1304.95,2208296,
15,dataGam,2026-08-18T02:41:17.438Z,true,1.4,831.83,833.24,36297,
16,masterGam,2026-08-18T02:41:17.602Z,true,0.24,163.36,163.6,947,
17,masterOrganizations,2026-08-18T02:41:17.726Z,true,0.69,124.01,124.7,258,
18,masterSectors,2026-08-18T02:41:17.833Z,true,0.7,105.5,106.2,1386,
19,allocationsDataResults,2026-08-18T02:41:18.008Z,true,1.77,173.41,175.18,94345,
20,resultsBySector,2026-08-18T02:41:18.201Z,true,13.08,180.05,193.13,1126189,
21,resultsByDisability,2026-08-18T02:41:18.524Z,true,12.92,310.15,323.07,1128154,
22,resultsByType,2026-08-18T02:41:18.817Z,true,30.69,262.53,293.22,3389158,
23,resultsByBeneficiaryType,2026-08-18T02:41:19.042Z,true,11.03,213.6,224.64,1486703,
24,resultsByOrganization,2026-08-18T02:41:19.185Z,true,11.83,131.51,143.34,1259640,
25,masterLocations,2026-08-18T02:41:19.311Z,true,5.36,120.53,125.89,963223,
26,masterBeneficiaryType,2026-08-18T02:41:19.417Z,true,0.45,104.99,105.44,602,
27,projectSummaryProgress,2026-08-18T02:41:19.765Z,true,2.21,345.86,348.07,194164,
28,sectorsData,2026-08-18T02:41:20.443Z,true,1.57,676.65,678.21,145535,
29,globalIndicators,2026-08-18T02:41:28.869Z,true,304.76,8120.94,8425.7,1190472,
30,masterOrganizationsProgress,2026-08-18T02:41:29.816Z,true,307.01,639.68,946.69,1452050,
31,projectStatusMaster,2026-08-18T02:41:30.057Z,true,3.77,237.97,241.74,652439,
32,masterAllocationSource,2026-08-18T02:41:30.222Z,true,0.19,164.41,164.6,54,
33,masterSectorsVo2,2026-08-18T02:41:30.388Z,true,0.2,165.79,165.99,464,
34,masterGlobalIndicators,2026-08-18T02:41:30.564Z,true,1.04,174.96,176,105611,
35,masterEmergencies,2026-08-18T02:41:30.730Z,true,0.22,165.65,165.87,2278,
36,projectSummary,2026-08-18T02:41:30.937Z,true,2.39,204.6,207,250899,
37,projectSummaryAggregate,2026-08-18T02:41:32.658Z,true,305.4,1415.84,1721.24,1866805,
38,HRPSummary,2026-08-18T02:41:33.074Z,true,0.6,414.78,415.38,18674,
39,emergencySummary,2026-08-18T02:41:33.496Z,true,153.99,268.35,422.35,1037443,
40,CVAData,2026-08-18T02:41:33.690Z,true,2.57,191.3,193.86,239732,
41,CVAMaster,2026-08-18T02:41:34.272Z,true,0.16,582.22,582.37,516,
42,BDT1 beneficiaries,2026-08-18T02:41:34.610Z,true,0.34,337.7,338.04,9074,
43,BDT1 beneficiaries by partner type,2026-08-18T02:41:34.710Z,true,0.3,99.18,99.48,11786,
44,BDT1 beneficiaries by sector,2026-08-18T02:41:34.813Z,true,0.42,102.76,103.18,25420,
45,BDT2 beneficiaries,2026-08-18T02:41:34.922Z,true,0.3,108.46,108.76,5995,
46,BDT2 beneficiaries by partner type,2026-08-18T02:41:35.022Z,true,0.32,100.14,100.46,14610,
47,BDT2 beneficiaries by sector,2026-08-18T02:41:35.162Z,true,0.63,139.41,140.04,40747,
1,masterDonors,2026-08-19T02:43:09.214Z,true,4.39,102.42,106.81,26901,
2,masterFunds,2026-08-19T02:43:09.239Z,true,2.89,21.89,24.78,120170,
3,masterRegionalFunds,2026-08-19T02:43:09.258Z,true,0.83,18.15,18.98,4820,
4,masterAllocationTypes,2026-08-19T02:43:09.299Z,true,0.51,41.08,41.59,242,
5,launchedAllocationsData,2026-08-19T02:43:14.113Z,true,356.65,4457.37,4814.02,945068,
6,contributionsData,2026-08-19T02:43:14.140Z,true,2.89,23.52,26.41,98063,
7,allocationFlowData,2026-08-19T02:43:14.447Z,true,1.14,306.43,307.57,50415,
8,masterPooledFunds,2026-08-19T02:43:14.555Z,true,0.32,107.4,107.72,3136,
9,masterPartners,2026-08-19T02:43:14.660Z,true,0.22,104.49,104.71,107,
10,masterSubPartners,2026-08-19T02:43:14.771Z,true,0.35,110.31,110.65,483,
11,allocationsData,2026-08-19T02:43:14.901Z,true,2.33,128.34,130.66,196151,
12,contributionsTotalData,2026-08-19T02:43:15.448Z,true,3.21,543.64,546.85,288270,
13,targetedPersonsData,2026-08-19T02:43:16.041Z,true,5.17,587.46,592.63,437893,
14,targetedPersonsDetailsData,2026-08-19T02:43:16.928Z,true,455.77,430.81,886.58,2208366,
15,dataGam,2026-08-19T02:43:17.633Z,true,1.33,703.81,705.14,36297,
16,masterGam,2026-08-19T02:43:17.737Z,true,0.19,103.48,103.67,947,
17,masterOrganizations,2026-08-19T02:43:17.760Z,true,0.85,22.88,23.74,258,
18,masterSectors,2026-08-19T02:43:17.779Z,true,0.75,17.73,18.48,1386,
19,allocationsDataResults,2026-08-19T02:43:17.893Z,true,1.6,112.93,114.53,94510,
20,resultsBySector,2026-08-19T02:43:18.052Z,true,9.79,149.1,158.89,1127166,
21,resultsByDisability,2026-08-19T02:43:18.254Z,true,9.8,192.28,202.08,1129169,
22,resultsByType,2026-08-19T02:43:18.402Z,true,28.72,118.5,147.22,3390019,
23,resultsByBeneficiaryType,2026-08-19T02:43:18.599Z,true,12.5,184.42,196.93,1488102,
24,resultsByOrganization,2026-08-19T02:43:18.687Z,true,9.92,78.8,88.72,1260669,
25,masterLocations,2026-08-19T02:43:18.763Z,true,5.18,70.52,75.69,963384,
26,masterBeneficiaryType,2026-08-19T02:43:18.779Z,true,0.39,15.64,16.03,602,
27,projectSummaryProgress,2026-08-19T02:43:19.081Z,true,2.82,298.92,301.74,194238,
28,sectorsData,2026-08-19T02:43:19.550Z,true,3.78,465.37,469.15,145668,
29,globalIndicators,2026-08-19T02:43:28.612Z,true,180.49,8881.51,9062,1190519,
30,masterOrganizationsProgress,2026-08-19T02:43:29.522Z,true,182.58,727.25,909.83,1453187,
31,projectStatusMaster,2026-08-19T02:43:29.739Z,true,2.52,214.6,217.12,652405,
32,masterAllocationSource,2026-08-19T02:43:29.844Z,true,0.16,104.56,104.71,54,
33,masterSectorsVo2,2026-08-19T02:43:29.949Z,true,0.65,104.47,105.12,464,
34,masterGlobalIndicators,2026-08-19T02:43:30.078Z,true,0.93,127.54,128.47,105611,
35,masterEmergencies,2026-08-19T02:43:30.210Z,true,0.17,132.53,132.7,2278,
36,projectSummary,2026-08-19T02:43:30.349Z,true,2.26,136.02,138.28,250889,
37,projectSummaryAggregate,2026-08-19T02:43:31.323Z,true,183.33,790.76,974.08,1866385,
38,HRPSummary,2026-08-19T02:43:31.615Z,true,0.55,291.67,292.22,18674,
39,emergencySummary,2026-08-19T02:43:31.945Z,true,91.95,238.27,330.22,1039424,
40,CVAData,2026-08-19T02:43:32.103Z,true,2.16,155.2,157.36,239866,
41,CVAMaster,2026-08-19T02:43:32.223Z,true,0.13,120.37,120.5,516,
42,BDT1 beneficiaries,2026-08-19T02:43:32.323Z,true,0.47,98.75,99.22,9615,
43,BDT1 beneficiaries by partner type,2026-08-19T02:43:32.365Z,true,0.28,42.35,42.63,12454,
44,BDT1 beneficiaries by sector,2026-08-19T02:43:32.406Z,true,0.39,39.92,40.32,26715,
45,BDT2 beneficiaries,2026-08-19T02:43:32.439Z,true,0.24,33.28,33.52,6024,
46,BDT2 beneficiaries by partner type,2026-08-19T02:43:32.476Z,true,0.34,36.08,36.42,14874,
47,BDT2 beneficiaries by sector,2026-08-19T02:43:32.525Z,true,0.48,49.12,49.6,41194,
1,masterDonors,2026-08-20T02:42:23.111Z,true,4.29,100.09,104.38,26901,
2,masterFunds,2026-08-20T02:42:23.137Z,true,2.76,22.92,25.69,120170,
3,masterRegionalFunds,2026-08-20T02:42:23.273Z,true,0.9,135.98,136.88,4820,
4,masterAllocationTypes,2026-08-20T02:42:23.296Z,true,0.52,21.53,22.05,242,
5,launchedAllocationsData,2026-08-20T02:42:28.337Z,true,354.48,4687.35,5041.83,945338,
6,contributionsData,2026-08-20T02:42:28.407Z,true,2.97,66.62,69.59,98084,
7,allocationFlowData,2026-08-20T02:42:28.739Z,true,1.19,330.39,331.59,50415,
8,masterPooledFunds,2026-08-20T02:42:28.847Z,true,0.32,107.65,107.97,3136,
9,masterPartners,2026-08-20T02:42:28.952Z,true,0.22,105.03,105.26,107,
10,masterSubPartners,2026-08-20T02:42:29.064Z,true,0.41,111.25,111.66,483,
11,allocationsData,2026-08-20T02:42:29.194Z,true,2.38,127.39,129.76,196168,
12,contributionsTotalData,2026-08-20T02:42:29.756Z,true,4.1,558.4,562.51,288268,
13,targetedPersonsData,2026-08-20T02:42:30.380Z,true,5.21,618.8,624.01,437962,
14,targetedPersonsDetailsData,2026-08-20T02:42:31.321Z,true,452.08,488.39,940.47,2209017,
15,dataGam,2026-08-20T02:42:32.084Z,true,1.44,761.84,763.27,36297,
16,masterGam,2026-08-20T02:42:32.189Z,true,0.2,104.63,104.83,947,
17,masterOrganizations,2026-08-20T02:42:32.215Z,true,0.53,25.78,26.31,258,
18,masterSectors,2026-08-20T02:42:32.236Z,true,0.4,20.76,21.15,1386,
19,allocationsDataResults,2026-08-20T02:42:32.353Z,true,1.59,115.39,116.98,94510,
20,resultsBySector,2026-08-20T02:42:32.440Z,true,17.08,69.38,86.46,1127578,
21,resultsByDisability,2026-08-20T02:42:32.517Z,true,10.09,67.29,77.38,1129662,
22,resultsByType,2026-08-20T02:42:32.683Z,true,28.82,136.63,165.45,3390626,
23,resultsByBeneficiaryType,2026-08-20T02:42:32.768Z,true,12.01,72.94,84.95,1488733,
24,resultsByOrganization,2026-08-20T02:42:32.841Z,true,11.04,61.77,72.81,1261168,
25,masterLocations,2026-08-20T02:42:32.893Z,true,4.77,48.02,52.8,963685,
26,masterBeneficiaryType,2026-08-20T02:42:32.917Z,true,0.33,23.28,23.61,602,
27,projectSummaryProgress,2026-08-20T02:42:33.230Z,true,2.24,310.47,312.71,196400,
28,sectorsData,2026-08-20T02:42:33.687Z,true,1.49,455.16,456.65,146386,
29,globalIndicators,2026-08-20T02:42:43.323Z,true,180.24,9456.54,9636.79,1193282,
30,masterOrganizationsProgress,2026-08-20T02:42:44.806Z,true,182.81,1299.82,1482.63,1453455,
31,projectStatusMaster,2026-08-20T02:42:45.153Z,true,2.63,344.17,346.8,652545,
32,masterAllocationSource,2026-08-20T02:42:45.258Z,true,0.16,104.87,105.03,54,
33,masterSectorsVo2,2026-08-20T02:42:45.361Z,true,0.17,103.12,103.29,464,
34,masterGlobalIndicators,2026-08-20T02:42:45.475Z,true,0.88,113.18,114.06,105611,
35,masterEmergencies,2026-08-20T02:42:45.599Z,true,0.17,123.1,123.27,2278,
36,projectSummary,2026-08-20T02:42:45.740Z,true,2.41,138.47,140.88,254398,
37,projectSummaryAggregate,2026-08-20T02:42:47.415Z,true,182.71,1492.93,1675.64,1877804,
38,HRPSummary,2026-08-20T02:42:47.883Z,true,0.49,467.14,467.63,18674,
39,emergencySummary,2026-08-20T02:42:48.212Z,true,91.89,237.56,329.45,1040456,
40,CVAData,2026-08-20T02:42:48.344Z,true,2.75,128.84,131.6,239866,
41,CVAMaster,2026-08-20T02:42:48.449Z,true,0.12,105.3,105.42,516,
42,BDT1 beneficiaries,2026-08-20T02:42:48.512Z,true,0.31,62.6,62.92,9659,
43,BDT1 beneficiaries by partner type,2026-08-20T02:42:48.555Z,true,0.37,42.64,43.02,12496,
44,BDT1 beneficiaries by sector,2026-08-20T02:42:48.591Z,true,0.33,35.59,35.92,26739,
45,BDT2 beneficiaries,2026-08-20T02:42:48.613Z,true,0.24,21.23,21.47,6024,
46,BDT2 beneficiaries by partner type,2026-08-20T02:42:48.641Z,true,0.28,27.74,28.02,14877,
47,BDT2 beneficiaries by sector,2026-08-20T02:42:48.680Z,true,0.43,38.82,39.25,41196,
1,masterDonors,2026-08-21T02:48:45.202Z,true,4.34,72.53,76.87,26901,
2,masterFunds,2026-08-21T02:48:45.235Z,true,3.93,28.71,32.64,120170,
3,masterRegionalFunds,2026-08-21T02:48:45.254Z,true,1.27,18.26,19.53,4820,
4,masterAllocationTypes,2026-08-21T02:48:45.275Z,true,0.75,20.19,20.93,242,
5,launchedAllocationsData,2026-08-21T02:48:49.597Z,true,355.63,3965.72,4321.36,945810,
6,contributionsData,2026-08-21T02:48:49.627Z,true,3.11,26.95,30.06,98083,
7,allocationFlowData,2026-08-21T02:48:49.985Z,true,1.32,356.72,358.04,50441,
8,masterPooledFunds,2026-08-21T02:48:50.093Z,true,0.3,107.29,107.6,3136,
9,masterPartners,2026-08-21T02:48:50.198Z,true,0.23,104.92,105.14,107,
10,masterSubPartners,2026-08-21T02:48:50.302Z,true,0.37,103.81,104.18,483,
11,allocationsData,2026-08-21T02:48:50.432Z,true,3,127.41,130.41,196184,
12,contributionsTotalData,2026-08-21T02:48:51.027Z,true,4.24,590.03,594.27,288265,
13,targetedPersonsData,2026-08-21T02:48:51.651Z,true,5.13,619.16,624.29,437967,
14,targetedPersonsDetailsData,2026-08-21T02:48:52.576Z,true,457.37,467.44,924.8,2209685,
15,dataGam,2026-08-21T02:48:53.331Z,true,1.29,753.52,754.81,36332,
16,masterGam,2026-08-21T02:48:53.435Z,true,0.2,104.43,104.62,947,
17,masterOrganizations,2026-08-21T02:48:53.454Z,true,0.63,18.09,18.72,258,
18,masterSectors,2026-08-21T02:48:53.468Z,true,0.45,13.6,14.05,1386,
19,allocationsDataResults,2026-08-21T02:48:53.585Z,true,1.89,114.48,116.38,94510,
20,resultsBySector,2026-08-21T02:48:53.656Z,true,11.16,59.89,71.05,1128209,
21,resultsByDisability,2026-08-21T02:48:53.734Z,true,11.79,66.34,78.12,1130323,
22,resultsByType,2026-08-21T02:48:53.892Z,true,31.89,125.81,157.7,3392192,
23,resultsByBeneficiaryType,2026-08-21T02:48:53.975Z,true,12.41,71.03,83.44,1489811,
24,resultsByOrganization,2026-08-21T02:48:54.060Z,true,12.76,71.8,84.56,1261839,
25,masterLocations,2026-08-21T02:48:54.111Z,true,5.39,45.83,51.21,964112,
26,masterBeneficiaryType,2026-08-21T02:48:54.126Z,true,0.42,15.1,15.52,602,
27,projectSummaryProgress,2026-08-21T02:48:54.436Z,true,3.12,306.08,309.2,198296,
28,sectorsData,2026-08-21T02:48:54.907Z,true,1.87,469.17,471.04,147221,
29,globalIndicators,2026-08-21T02:49:03.516Z,true,184.42,8424.99,8609.41,1194876,
30,masterOrganizationsProgress,2026-08-21T02:49:04.744Z,true,183.33,1044.8,1228.13,1453816,
31,projectStatusMaster,2026-08-21T02:49:04.964Z,true,3.99,215.28,219.27,652524,
32,masterAllocationSource,2026-08-21T02:49:05.071Z,true,0.18,107.47,107.65,54,
33,masterSectorsVo2,2026-08-21T02:49:05.176Z,true,0.23,104.29,104.52,464,
34,masterGlobalIndicators,2026-08-21T02:49:05.292Z,true,1.15,114.66,115.81,105611,
35,masterEmergencies,2026-08-21T02:49:05.408Z,true,0.18,115.6,115.77,2278,
36,projectSummary,2026-08-21T02:49:05.553Z,true,2.89,142.29,145.18,256885,
37,projectSummaryAggregate,2026-08-21T02:49:06.579Z,true,183.49,842.9,1026.39,1884772,
38,HRPSummary,2026-08-21T02:49:06.925Z,true,0.66,345.17,345.83,18674,
39,emergencySummary,2026-08-21T02:49:07.242Z,true,90.2,227.11,317.31,1041317,
40,CVAData,2026-08-21T02:49:07.375Z,true,2.5,129.91,132.41,240270,
41,CVAMaster,2026-08-21T02:49:07.488Z,true,0.15,113.01,113.16,516,
42,BDT1 beneficiaries,2026-08-21T02:49:07.603Z,true,0.56,114.09,114.65,9653,
43,BDT1 beneficiaries by partner type,2026-08-21T02:49:07.671Z,true,0.41,67.92,68.34,12492,
44,BDT1 beneficiaries by sector,2026-08-21T02:49:07.711Z,true,0.47,39.18,39.65,26784,
45,BDT2 beneficiaries,2026-08-21T02:49:07.739Z,true,0.31,27.88,28.19,6024,
46,BDT2 beneficiaries by partner type,2026-08-21T02:49:07.783Z,true,0.79,43.68,44.47,14880,
47,BDT2 beneficiaries by sector,2026-08-21T02:49:07.851Z,true,0.5,66.59,67.09,41202,
1,masterDonors,2026-08-22T02:39:30.240Z,true,4.39,387,391.39,27168,
2,masterFunds,2026-08-22T02:39:30.642Z,true,3.01,398.47,401.48,120170,
3,masterRegionalFunds,2026-08-22T02:39:31.070Z,true,0.92,427.26,428.18,4820,
4,masterAllocationTypes,2026-08-22T02:39:31.186Z,true,0.62,115.11,115.73,242,
5,launchedAllocationsData,2026-08-22T02:39:36.157Z,true,413.4,4558.23,4971.63,945953,
6,contributionsData,2026-08-22T02:39:36.243Z,true,2.72,82.6,85.32,98081,
7,allocationFlowData,2026-08-22T02:39:36.583Z,true,1.4,338.7,340.1,50441,
8,masterPooledFunds,2026-08-22T02:39:36.712Z,true,0.25,128.61,128.85,3136,
9,masterPartners,2026-08-22T02:39:36.845Z,true,0.25,133.01,133.26,107,
10,masterSubPartners,2026-08-22T02:39:36.976Z,true,0.28,130.43,130.7,483,
11,allocationsData,2026-08-22T02:39:37.126Z,true,2.89,147.14,150.03,196184,
12,contributionsTotalData,2026-08-22T02:39:37.705Z,true,3.17,575.86,579.03,288383,
13,targetedPersonsData,2026-08-22T02:39:38.354Z,true,5.25,644.21,649.46,437971,
14,targetedPersonsDetailsData,2026-08-22T02:39:39.350Z,true,525.19,470.68,995.87,2209740,
15,dataGam,2026-08-22T02:39:40.125Z,true,1.02,773.57,774.59,36332,
16,masterGam,2026-08-22T02:39:40.244Z,true,0.19,118.86,119.05,947,
17,masterOrganizations,2026-08-22T02:39:40.337Z,true,0.9,91.65,92.55,258,
18,masterSectors,2026-08-22T02:39:40.794Z,true,0.53,456.91,457.45,1386,
19,allocationsDataResults,2026-08-22T02:39:40.929Z,true,1.46,133.76,135.22,94510,
20,resultsBySector,2026-08-22T02:39:41.053Z,true,10.99,112.36,123.35,1128909,
21,resultsByDisability,2026-08-22T02:39:41.318Z,true,10.99,254.22,265.21,1130863,
22,resultsByType,2026-08-22T02:39:41.490Z,true,29.22,142.92,172.14,3392859,
23,resultsByBeneficiaryType,2026-08-22T02:39:41.661Z,true,13.22,157.06,170.28,1490454,
24,resultsByOrganization,2026-08-22T02:39:41.765Z,true,13.43,91.03,104.46,1262387,
25,masterLocations,2026-08-22T02:39:42.590Z,true,5.19,819.58,824.76,964748,
26,masterBeneficiaryType,2026-08-22T02:39:42.626Z,true,0.47,35.21,35.68,602,
27,projectSummaryProgress,2026-08-22T02:39:43.065Z,true,2.7,436.95,439.64,198461,
28,sectorsData,2026-08-22T02:39:43.559Z,true,1.84,491.69,493.52,147396,
29,globalIndicators,2026-08-22T02:39:52.443Z,true,209.56,8674.76,8884.32,1195163,
30,masterOrganizationsProgress,2026-08-22T02:39:53.912Z,true,212.94,1255.9,1468.84,1455611,
31,projectStatusMaster,2026-08-22T02:39:54.150Z,true,4.01,233.62,237.63,652532,
32,masterAllocationSource,2026-08-22T02:39:54.271Z,true,0.14,121.04,121.18,54,
33,masterSectorsVo2,2026-08-22T02:39:54.392Z,true,0.25,120.52,120.76,464,
34,masterGlobalIndicators,2026-08-22T02:39:54.553Z,true,1.13,160.41,161.54,105762,
35,masterEmergencies,2026-08-22T02:39:54.687Z,true,0.21,133.65,133.86,2278,
36,projectSummary,2026-08-22T02:39:54.875Z,true,2.65,184.77,187.43,256873,
37,projectSummaryAggregate,2026-08-22T02:39:56.511Z,true,213.53,1423.08,1636.61,1884772,
38,HRPSummary,2026-08-22T02:39:56.898Z,true,0.55,386.64,387.19,18674,
39,emergencySummary,2026-08-22T02:39:57.328Z,true,105.84,323.2,429.04,1041385,
40,CVAData,2026-08-22T02:39:57.506Z,true,2.54,175.53,178.07,240277,
41,CVAMaster,2026-08-22T02:39:57.643Z,true,0.12,137.24,137.35,516,
42,BDT1 beneficiaries,2026-08-22T02:39:57.822Z,true,0.46,178.37,178.83,9829,
43,BDT1 beneficiaries by partner type,2026-08-22T02:39:57.879Z,true,0.34,56.81,57.15,12712,
44,BDT1 beneficiaries by sector,2026-08-22T02:39:57.944Z,true,0.58,63.98,64.56,27181,
45,BDT2 beneficiaries,2026-08-22T02:39:58.033Z,true,0.28,89.08,89.36,6026,
46,BDT2 beneficiaries by partner type,2026-08-22T02:39:58.101Z,true,0.41,67.12,67.53,14882,
47,BDT2 beneficiaries by sector,2026-08-22T02:39:58.188Z,true,0.54,86.95,87.48,41209,