PFId,PrjCode,ClstAgg,ClstPrct,AdmLocTypeIdAgg,AdmLoc1,AdmLoc2,AdmLoc3,AdmLoc4,AdmLoc5,AdmLoc6,AdmLocBenClustAgg1,AdmLocBenClustAgg2,AdmLocBenClustAgg3,AdmLocBenClustAgg4,AdmLocBenClustAgg5,AdmLocBenClustAgg6,AdmLocCord1,AdmLocCord2,AdmLocCord3,AdmLocCord4,AdmLocCord5,AdmLocCord6,AdmLocClustBdg1,AdmLocClustBdg2,AdmLocClustBdg3,AdmLocClustBdg4,AdmLocClustBdg5,AdmLocClustBdg6,AYr
15,CBPF-SUD-26-R-INGO-39065,4|||11,50.00|||50.00,69##70##,Red Sea,Port Sudan,,,,,14220##16700##18830##20770|||66895##70830##125920##129855,14220##16700##18830##20770|||66895##70830##125920##129855,,,,,"19.45560630,35.21484690","19.58958400,37.21520300",,,,,3000000.00|||3000000.00,3000000.00|||3000000.00,,,,,2026
15,CBPF-SUD-26-R-INGO-39067,7|||9,50.00|||50.00,69##70##,East Darfur,Ed Daein,,,,,77673##80842##66165##68866|||20000##40000##13950##17050,77673##80842##66165##68866|||20000##40000##13950##17050,,,,,"14.37827470,24.90422080","11.42654100,26.14930600",,,,,3000000.00|||3000000.00,3000000.00|||3000000.00,,,,,2026
15,CBPF-SUD-26-R-INGO-NSFT-39201,15,100.00,69##70##,North Darfur,Dar El Salam,,,,,1450##5073##2899##5074,1450##5073##2899##5074,,,,,"15.76619690,24.90422080","13.05653300,25.52211400",,,,,1000000.00,1000000.00,,,,,2026
15,CBPF-SUD-26-R-INGO-NSFT-39201,15,100.00,69##70##,North Darfur,Tawilla,,,,,1120##3921##2242##3921,1120##3921##2242##3921,,,,,"15.76619690,24.90422080","13.51573400,24.86525500",,,,,500000.00,500000.00,,,,,2026
15,CBPF-SUD-26-R-INGO-NSFT-39201,15,100.00,69##70##,North Kordofan,Ar Rahad,,,,,500##1750##1000##1750,500##1750##1000##1750,,,,,"13.83064410,29.41793240","13.83064410,29.41793240",,,,,350000.00,350000.00,,,,,2026
15,CBPF-SUD-26-R-INGO-NSFT-39201,15,100.00,69##70##,North Kordofan,Shiekan,,,,,1410##4936##2820##4936,1410##4936##2820##4936,,,,,"13.83064410,29.41793240","12.73333300,30.25000000",,,,,950000.00,950000.00,,,,,2026
15,CBPF-SUD-26-R-INGO-NSFT-39201,15,100.00,69##70##,South Kordofan,Abu Gubeiha,,,,,246##863##499##890,246##863##499##890,,,,,"11.19901920,29.41793240","11.45437600,31.23599100",,,,,550000.00,550000.00,,,,,2026
15,CBPF-SUD-26-R-INGO-NSFT-39201,15,100.00,69##70##,South Kordofan,Delling,,,,,200##700##400##700,200##700##400##700,,,,,"11.19901920,29.41793240","12.04746300,29.65640800",,,,,150000.00,150000.00,,,,,2026
15,CBPF-SUD-26-R-INGO-NSFT-39201,15,100.00,69##70##,South Kordofan,Rashad,,,,,210##735##420##735,210##735##420##735,,,,,"11.19901920,29.41793240","11.85643000,31.06356000",,,,,150000.00,150000.00,,,,,2026
15,CBPF-SUD-26-R-INGO-NSFT-39201,15,100.00,69##70##,White Nile,El Jabaleen,,,,,760##2660##1520##2660,760##2660##1520##2660,,,,,"13.24038810,32.53727410","12.58930800,32.80071200",,,,,550000.00,550000.00,,,,,2026
15,CBPF-SUD-26-R-INGO-NSFT-39201,15,100.00,69##70##,White Nile,Um Ramtta,,,,,1100##3850##2200##3850,1100##3850##2200##3850,,,,,"13.24038810,32.53727410","14.85000000,32.06666700",,,,,800000.00,800000.00,,,,,2026
15,CBPF-SUD-26-R-INGO-NSFT-39202,4|||9|||11|||15,13.00|||15.00|||9.00|||63.00,69##70##,North Darfur,Ailliet,,,,,0##0##0##0|||350##875##1225##1050|||0##0##0##0|||2070##1980##2700##2250,0##0##0##0|||350##875##1225##1050|||0##0##0##0|||2070##1980##2700##2250,,,,,"15.76619690,24.90422080","11.95763300,27.04405600",,,,,0.00|||187500.00|||0.00|||787500.00,0.00|||187500.00|||0.00|||787500.00,,,,,2026
15,CBPF-SUD-26-R-INGO-NSFT-39202,4|||9|||11|||15,13.00|||15.00|||9.00|||63.00,69##70##,North Darfur,El Taweisha,,,,,0##0##0##0|||350##875##1225##1050|||0##0##0##0|||2070##1980##2700##2250,0##0##0##0|||350##875##1225##1050|||0##0##0##0|||2070##1980##2700##2250,,,,,"15.76619690,24.90422080","12.35462100,26.53700100",,,,,0.00|||187500.00|||0.00|||787500.00,0.00|||187500.00|||0.00|||787500.00,,,,,2026
15,CBPF-SUD-26-R-INGO-NSFT-39202,4|||9|||11|||15,13.00|||15.00|||9.00|||63.00,69##70##,North Darfur,Tawilla,,,,,690##660##900##750|||0##0##0##0|||460##440##600##500|||0##0##0##0,690##660##900##750|||0##0##0##0|||460##440##600##500|||0##0##0##0,,,,,"15.76619690,24.90422080","13.51573400,24.86525500",,,,,325000.00|||0.00|||225000.00|||0.00,325000.00|||0.00|||225000.00|||0.00,,,,,2026
15,CBPF-SUD-26-R-INGO-NSFT-39204,15,100.00,69##70##,Al Gezira,Gre. Wad Madani,,,,,642##742##851##847,642##742##851##847,,,,,"14.02028570,33.08658440","14.40041300,33.51839500",,,,,300000.00,300000.00,,,,,2026
15,CBPF-SUD-26-R-INGO-NSFT-39204,15,100.00,69##70##,Al Gezira,S. El Jazeera,,,,,642##743##853##848,642##743##853##848,,,,,"14.02028570,33.08658440","14.76088000,33.37164000",,,,,450000.00,450000.00,,,,,2026
15,CBPF-SUD-26-R-INGO-NSFT-39204,15,100.00,69##70##,Khartoum,Jebal Aulya,,,,,561##650##747##742,561##650##747##742,,,,,"15.56666700,32.51666700","15.25099700,32.52139400",,,,,450000.00,450000.00,,,,,2026
15,CBPF-SUD-26-R-INGO-NSFT-39204,15,100.00,69##70##,Khartoum,Khartoum,,,,,561##650##747##742,561##650##747##742,,,,,"15.56666700,32.51666700","15.57252700,32.53635300",,,,,450000.00,450000.00,,,,,2026
15,CBPF-SUD-26-R-INGO-NSFT-39204,15,100.00,69##70##,Khartoum,Um Durman,,,,,499##577##664##660,499##577##664##660,,,,,"15.56666700,32.51666700","15.64471800,32.45485100",,,,,450000.00,450000.00,,,,,2026
15,CBPF-SUD-26-R-INGO-NSFT-39204,15,100.00,69##70##,North Darfur,Tawilla,,,,,4617##5343##6140##6100,4617##5343##6140##6100,,,,,"15.76619690,24.90422080","13.51573400,24.86525500",,,,,450000.00,450000.00,,,,,2026
15,CBPF-SUD-26-R-INGO-NSFT-39204,15,100.00,69##70##,South Kordofan,Kadugli,,,,,998##1155##1328##1319,998##1155##1328##1319,,,,,"11.19901920,29.41793240","11.01423800,29.72940100",,,,,450000.00,450000.00,,,,,2026
15,CBPF-SUD-26-R-INGO-NSFT-39209,15,100.00,69##70##,East Darfur,Abu Karinka,,,,,2069##2735##1256##1332,2069##2735##1256##1332,,,,,"14.37827470,24.90422080","11.58680600,26.53570200",,,,,600000.00,600000.00,,,,,2026
15,CBPF-SUD-26-R-INGO-NSFT-39209,15,100.00,69##70##,East Darfur,Bahr El Arab,,,,,620##820##378##400,620##820##378##400,,,,,"14.37827470,24.90422080","10.95524100,26.38009600",,,,,180000.00,180000.00,,,,,2026
15,CBPF-SUD-26-R-INGO-NSFT-39209,15,100.00,69##70##,East Darfur,Ed Daein,,,,,2681##3543##1629##1725,2681##3543##1629##1725,,,,,"14.37827470,24.90422080","11.42654100,26.14930600",,,,,900000.00,900000.00,,,,,2026
15,CBPF-SUD-26-R-INGO-NSFT-39209,15,100.00,69##70##,East Darfur,El Ferdous,,,,,1242##1641##752##799,1242##1641##752##799,,,,,"14.37827470,24.90422080","11.09466700,25.79405600",,,,,420000.00,420000.00,,,,,2026
15,CBPF-SUD-26-R-INGO-NSFT-39209,15,100.00,69##70##,East Darfur,Sheiria,,,,,1864##2461##1130##1198,1864##2461##1130##1198,,,,,"14.37827470,24.90422080","12.46014000,25.60672700",,,,,540000.00,540000.00,,,,,2026
15,CBPF-SUD-26-R-INGO-NSFT-39209,15,100.00,69##70##,East Darfur,Yassin,,,,,826##1094##502##534,826##1094##502##534,,,,,"14.37827470,24.90422080","11.54119000,25.56062000",,,,,240000.00,240000.00,,,,,2026
15,CBPF-SUD-26-R-INGO-NSFT-39209,15,100.00,69##70##,Gedaref,Basonda,,,,,2561##3386##1556##1648,2561##3386##1556##1648,,,,,"14.03333300,35.38333300","12.96666700,35.83333300",,,,,600000.00,600000.00,,,,,2026
15,CBPF-SUD-26-R-INGO-NSFT-39209,15,100.00,69##70##,Kassala,Hamashkoreeb,,,,,1656##2187##1005##1064,1656##2187##1005##1064,,,,,"15.45000000,36.40000000","16.53333300,36.75000000",,,,,420000.00,420000.00,,,,,2026
15,CBPF-SUD-26-R-INGO-NSFT-39209,15,100.00,69##70##,Kassala,Wad EL Helew,,,,,1410##1864##856##906,1410##1864##856##906,,,,,"15.45000000,36.40000000","14.41666700,35.88333300",,,,,420000.00,420000.00,,,,,2026
15,CBPF-SUD-26-R-INGO-NSFT-39209,15,100.00,69##70##,South Darfur,East Jebel Marra,,,,,1624##2143##986##1043,1624##2143##986##1043,,,,,"11.64886390,24.90422080","13.02905600,24.43902800",,,,,480000.00,480000.00,,,,,2026
15,CBPF-SUD-26-R-INGO-NSFT-39209,15,100.00,69##70##,South Darfur,Kass,,,,,1655##2188##1003##1066,1655##2188##1003##1066,,,,,"11.64886390,24.90422080","12.50520900,24.28546100",,,,,480000.00,480000.00,,,,,2026
15,CBPF-SUD-26-R-INGO-NSFT-39209,15,100.00,69##70##,South Darfur,Nyala (Otash and Dereige),,,,,1863##2460##1132##1197,1863##2460##1132##1197,,,,,"11.64886390,24.90422080","12.11500800,24.83135000",,,,,540000.00,540000.00,,,,,2026
15,CBPF-SUD-26-R-INGO-NSFT-39209,15,100.00,69##70##,South Darfur,Nyala South (El Serif),,,,,621##820##377##400,621##820##377##400,,,,,"11.64886390,24.90422080","12.00342000,24.89898000",,,,,180000.00,180000.00,,,,,2026
15,CBPF-SUD-26-R-INGO-NSFT-39210,15,100.00,69##70##,Central Darfur,Azum,,,,,1080##1260##648##612,1080##1260##648##612,,,,,"12.33330000,23.41670000","12.92000000,22.84667000",,,,,351600.00,351600.00,,,,,2026
15,CBPF-SUD-26-R-INGO-NSFT-39210,15,100.00,69##70##,South Kordofan,Abu Gubeiha,,,,,1152##1344##691##653,1152##1344##691##653,,,,,"11.19901920,29.41793240","11.45437600,31.23599100",,,,,448200.00,448200.00,,,,,2026
15,CBPF-SUD-26-R-INGO-NSFT-39210,15,100.00,69##70##,South Kordofan,El Abassiya,,,,,1080##1260##648##612,1080##1260##648##612,,,,,"11.19901920,29.41793240","12.17040100,31.30858000",,,,,426900.00,426900.00,,,,,2026
15,CBPF-SUD-26-R-INGO-NSFT-39210,15,100.00,69##70##,South Kordofan,Lagawa,,,,,1171##1363##703##663,1171##1363##703##663,,,,,"11.19901920,29.41793240","11.40523600,29.13726900",,,,,410400.00,410400.00,,,,,2026
15,CBPF-SUD-26-R-INGO-NSFT-39210,15,100.00,69##70##,West Darfur,Mornie camp (Kreinik),,,,,900##1050##540##511,900##1050##540##511,,,,,"12.84635610,23.00119890","13.36699400,22.88005500",,,,,309000.00,309000.00,,,,,2026
15,CBPF-SUD-26-R-INGO-NSFT-39210,15,100.00,69##70##,West Kordofan,Al Meiram,,,,,720##840##432##408,720##840##432##408,,,,,"11.89871900,28.12255600","11.89871900,28.12255600",,,,,294000.00,294000.00,,,,,2026
15,CBPF-SUD-26-R-INGO-NSFT-39210,15,100.00,69##70##,West Kordofan,AL Sunut,,,,,1027##1197##616##581,1027##1197##616##581,,,,,"11.89871900,28.12255600","12.13233300,28.92718100",,,,,372900.00,372900.00,,,,,2026
15,CBPF-SUD-26-R-INGO-NSFT-39210,15,100.00,69##70##,West Kordofan,Keilak,,,,,1080##1260##646##612,1080##1260##646##612,,,,,"11.89871900,28.12255600","10.83202000,29.35191000",,,,,387000.00,387000.00,,,,,2026
15,CBPF-SUD-26-R-INGO-NSFT-39215,15,100.00,69##70##,Blue Nile,Al Tadamon,,,,,769##1248##1392##1392,769##1248##1392##1392,,,,,"11.58600780,34.15319470","11.80400000,34.07050000",,,,,378000.00,378000.00,,,,,2026
15,CBPF-SUD-26-R-INGO-NSFT-39215,15,100.00,69##70##,Blue Nile,Bau,,,,,863##1403##1565##1565,863##1403##1565##1565,,,,,"11.58600780,34.15319470","11.33000000,34.06000000",,,,,425100.00,425100.00,,,,,2026
15,CBPF-SUD-26-R-INGO-NSFT-39215,15,100.00,69##70##,Blue Nile,El Damazine,,,,,528##858##957##957,528##858##957##957,,,,,"11.58600780,34.15319470","11.78979200,34.35986400",,,,,259800.00,259800.00,,,,,2026
15,CBPF-SUD-26-R-INGO-NSFT-39215,15,100.00,69##70##,Blue Nile,El Kurmuk,,,,,1249##2028##2262##2262,1249##2028##2262##2262,,,,,"11.58600780,34.15319470","10.55902000,34.28953000",,,,,614100.00,614100.00,,,,,2026
15,CBPF-SUD-26-R-INGO-NSFT-39215,15,100.00,69##70##,Khartoum,Jebal Aulya,,,,,480##780##869##869,480##780##869##869,,,,,"15.56666700,32.51666700","15.25099700,32.52139400",,,,,236100.00,236100.00,,,,,2026
15,CBPF-SUD-26-R-INGO-NSFT-39215,15,100.00,69##70##,Khartoum,Khartoum,,,,,480##780##869##869,480##780##869##869,,,,,"15.56666700,32.51666700","15.57252700,32.53635300",,,,,236100.00,236100.00,,,,,2026
15,CBPF-SUD-26-R-INGO-NSFT-39215,15,100.00,69##70##,Khartoum,Um Durman,,,,,1729##2809##3134##3134,1729##2809##3134##3134,,,,,"15.56666700,32.51666700","15.64471800,32.45485100",,,,,850800.00,850800.00,,,,,2026
15,CBPF-SUD-26-R-INGO-NSFT-39219,15,100.00,69##70##,Central Darfur,Nertiti (West Jebel Marra),,,,,2196##2379##2105##2470,2196##2379##2105##2470,,,,,"12.33330000,23.41670000","12.96680000,24.03358000",,,,,540600.00,540600.00,,,,,2026
15,CBPF-SUD-26-R-INGO-NSFT-39219,15,100.00,69##70##,Central Darfur,Zalingei,,,,,863##934##827##970,863##934##827##970,,,,,"12.33330000,23.41670000","12.89998900,23.48106400",,,,,212400.00,212400.00,,,,,2026
15,CBPF-SUD-26-R-INGO-NSFT-39219,15,100.00,69##70##,North Kordofan,Ar Rahad,,,,,3040##3293##2913##3419,3040##3293##2913##3419,,,,,"13.83064410,29.41793240","13.83064410,29.41793240",,,,,748200.00,748200.00,,,,,2026
15,CBPF-SUD-26-R-INGO-NSFT-39219,15,100.00,69##70##,North Kordofan,Shiekan,,,,,8161##8844##7819##9183,8161##8844##7819##9183,,,,,"13.83064410,29.41793240","12.73333300,30.25000000",,,,,2008200.00,2008200.00,,,,,2026
15,CBPF-SUD-26-R-INGO-NSFT-39219,15,100.00,69##70##,South Darfur,Kalma camp,,,,,3102##3361##2973##3490,3102##3361##2973##3490,,,,,"11.64886390,24.90422080","12.00517200,25.01536900",,,,,763800.00,763800.00,,,,,2026
15,CBPF-SUD-26-R-INGO-NSFT-39219,15,100.00,69##70##,South Darfur,Nyala (Otash and Dereige),,,,,1009##1093##967##1135,1009##1093##967##1135,,,,,"11.64886390,24.90422080","12.11500800,24.83135000",,,,,248400.00,248400.00,,,,,2026
15,CBPF-SUD-26-R-INGO-NSFT-39219,15,100.00,69##70##,South Darfur,Nyala South (Mosey),,,,,1007##1090##965##1133,1007##1090##965##1133,,,,,"11.64886390,24.90422080","12.00342000,24.89898000",,,,,248400.00,248400.00,,,,,2026
15,CBPF-SUD-26-R-INGO-NSFT-39219,15,100.00,69##70##,South Kordofan,Delling,,,,,2785##3018##2670##3134,2785##3018##2670##3134,,,,,"11.19901920,29.41793240","12.04746300,29.65640800",,,,,685800.00,685800.00,,,,,2026
15,CBPF-SUD-26-R-INGO-NSFT-39219,15,100.00,69##70##,South Kordofan,Kadugli,,,,,2210##2394##2118##2486,2210##2394##2118##2486,,,,,"11.19901920,29.41793240","11.01423800,29.72940100",,,,,544200.00,544200.00,,,,,2026
15,CBPF-SUD-26-R-INGO-NSFT-39222,15,100.00,69##70##,Blue Nile,Al Tadamon,,,,,647##672##945##981,647##672##945##981,,,,,"11.58600780,34.15319470","11.80400000,34.07050000",,,,,320000.00,320000.00,,,,,2026
15,CBPF-SUD-26-R-INGO-NSFT-39222,15,100.00,69##70##,Blue Nile,Bau,,,,,1625##1691##2438##2536,1625##1691##2438##2536,,,,,"11.58600780,34.15319470","11.33000000,34.06000000",,,,,880000.00,880000.00,,,,,2026
15,CBPF-SUD-26-R-INGO-NSFT-39222,15,100.00,69##70##,East Darfur,Adila,,,,,800##1100##430##1000,800##1100##430##1000,,,,,"14.37827470,24.90422080","11.33207000,26.99384000",,,,,320000.00,320000.00,,,,,2026
15,CBPF-SUD-26-R-INGO-NSFT-39222,15,100.00,69##70##,East Darfur,Ed Daein,,,,,1181##2662##922##2015,1181##2662##922##2015,,,,,"14.37827470,24.90422080","11.42654100,26.14930600",,,,,600000.00,600000.00,,,,,2026
15,CBPF-SUD-26-R-INGO-NSFT-39222,15,100.00,69##70##,East Darfur,Yassin,,,,,900##1100##330##1000,900##1100##330##1000,,,,,"14.37827470,24.90422080","11.54119000,25.56062000",,,,,280000.00,280000.00,,,,,2026
15,CBPF-SUD-26-R-INGO-NSFT-39222,15,100.00,69##70##,South Darfur,Niteaga,,,,,2327##2522##1012##1096,2327##2522##1012##1096,,,,,"11.64886390,24.90422080","12.52222000,25.21111000",,,,,640000.00,640000.00,,,,,2026
15,CBPF-SUD-26-R-INGO-NSFT-39222,15,100.00,69##70##,South Darfur,Rahad El Berdi,,,,,3543##3844##1541##1663,3543##3844##1541##1663,,,,,"11.64886390,24.90422080","11.29423000,23.88716700",,,,,960000.00,960000.00,,,,,2026
15,CBPF-SUD-26-R-INGO-NSFT-39234,10|||15,14.00|||86.00,69##70##,Al Gezira,Gre. Wad Madani,,,,,22##26##22##25|||720##780##720##780,22##26##22##25|||720##780##720##780,,,,,"14.02028570,33.08658440","14.40041300,33.51839500",,,,,69300.00|||402050.00,69300.00|||402050.00,,,,,2026
15,CBPF-SUD-26-R-INGO-NSFT-39234,10|||15,14.00|||86.00,69##70##,Al Gezira,S. El Jazeera,,,,,22##25##22##26|||720##780##720##780,22##25##22##26|||720##780##720##780,,,,,"14.02028570,33.08658440","14.76088000,33.37164000",,,,,69300.00|||402050.00,69300.00|||402050.00,,,,,2026
15,CBPF-SUD-26-R-INGO-NSFT-39234,10|||15,14.00|||86.00,69##70##,Blue Nile,Al Tadamon,,,,,18##20##17##20|||720##780##720##780,18##20##17##20|||720##780##720##780,,,,,"11.58600780,34.15319470","11.80400000,34.07050000",,,,,69300.00|||425700.00,69300.00|||425700.00,,,,,2026
15,CBPF-SUD-26-R-INGO-NSFT-39234,10|||15,14.00|||86.00,69##70##,Blue Nile,Bau,,,,,26##29##26##29|||720##780##720##780,26##29##26##29|||720##780##720##780,,,,,"11.58600780,34.15319470","11.33000000,34.06000000",,,,,69300.00|||378400.00,69300.00|||378400.00,,,,,2026
15,CBPF-SUD-26-R-INGO-NSFT-39234,10|||15,14.00|||86.00,69##70##,Blue Nile,El Damazine,,,,,18##20##17##20|||720##780##720##780,18##20##17##20|||720##780##720##780,,,,,"11.58600780,34.15319470","11.78979200,34.35986400",,,,,61600.00|||378400.00,61600.00|||378400.00,,,,,2026
15,CBPF-SUD-26-R-INGO-NSFT-39234,10|||15,14.00|||86.00,69##70##,Gedaref,Basonda,,,,,26##29##26##29|||1440##1560##1440##1560,26##29##26##29|||1440##1560##1440##1560,,,,,"14.03333300,35.38333300","12.96666700,35.83333300",,,,,92400.00|||756800.00,92400.00|||756800.00,,,,,2026
15,CBPF-SUD-26-R-INGO-NSFT-39234,10|||15,14.00|||86.00,69##70##,South Darfur,Buram,,,,,26##29##26##29|||2160##2340##2160##2340,26##29##26##29|||2160##2340##2160##2340,,,,,"11.64886390,24.90422080","10.81442400,25.17429300",,,,,138600.00|||1182500.00,138600.00|||1182500.00,,,,,2026
15,CBPF-SUD-26-R-INGO-NSFT-39234,10|||15,14.00|||86.00,69##70##,West Darfur,Habila,,,,,26##29##26##29|||1440##1560##1440##1560,26##29##26##29|||1440##1560##1440##1560,,,,,"12.84635610,23.00119890","12.68005000,22.56193300",,,,,130900.00|||804100.00,130900.00|||804100.00,,,,,2026
15,CBPF-SUD-26-R-INGO-NSFT-39234,10|||15,14.00|||86.00,69##70##,White Nile,El Jabaleen,,,,,26##29##26##29|||0##0##0##0,26##29##26##29|||0##0##0##0,,,,,"13.24038810,32.53727410","12.58930800,32.80071200",,,,,69300.00|||0.00,69300.00|||0.00,,,,,2026
15,CBPF-SUD-26-R-UN-NSFT-39213,7|||9|||11,17.00|||33.00|||50.00,69##,Al Gezira,,,,,,31600##36800##30100##32800|||0##0##3000##3300|||19600##22700##18600##20400,,,,,,"14.02028570,33.08658440",,,,,,318750.00|||618750.00|||937500.00,,,,,,2026
15,CBPF-SUD-26-R-UN-NSFT-39213,7|||9|||11,17.00|||33.00|||50.00,69##,Blue Nile,,,,,,31600##36800##30100##32800|||0##0##3000##3300|||19600##22700##18600##20400,,,,,,"11.58600780,34.15319470",,,,,,318750.00|||618750.00|||937500.00,,,,,,2026
15,CBPF-SUD-26-R-UN-NSFT-39213,7|||9|||11,17.00|||33.00|||50.00,69##,Central Darfur,,,,,,31600##36800##30100##32800|||0##0##3000##3300|||19600##22700##18600##20400,,,,,,"12.33330000,23.41670000",,,,,,318750.00|||618750.00|||937500.00,,,,,,2026
15,CBPF-SUD-26-R-UN-NSFT-39213,7|||9|||11,17.00|||33.00|||50.00,69##,East Darfur,,,,,,31600##36800##30100##32800|||0##0##3000##3300|||19600##22700##18600##20400,,,,,,"14.37827470,24.90422080",,,,,,318750.00|||618750.00|||937500.00,,,,,,2026
15,CBPF-SUD-26-R-UN-NSFT-39213,7|||9|||11,17.00|||33.00|||50.00,69##,Gedaref,,,,,,31600##36800##30100##32800|||0##0##3000##3300|||19600##22700##18600##20400,,,,,,"14.03333300,35.38333300",,,,,,318750.00|||618750.00|||937500.00,,,,,,2026
15,CBPF-SUD-26-R-UN-NSFT-39213,7|||9|||11,17.00|||33.00|||50.00,69##,Kassala,,,,,,31600##36800##30100##32800|||0##0##3000##3300|||19600##22700##18600##20400,,,,,,"15.45000000,36.40000000",,,,,,318750.00|||618750.00|||937500.00,,,,,,2026
15,CBPF-SUD-26-R-UN-NSFT-39213,7|||9|||11,17.00|||33.00|||50.00,69##,Khartoum,,,,,,31600##36800##30100##32800|||0##0##3000##3300|||19600##22700##18600##20400,,,,,,"15.56666700,32.51666700",,,,,,318750.00|||618750.00|||937500.00,,,,,,2026
15,CBPF-SUD-26-R-UN-NSFT-39213,7|||9|||11,17.00|||33.00|||50.00,69##,North Darfur,,,,,,31600##36800##30100##32800|||0##0##3000##3300|||19600##22700##18600##20400,,,,,,"15.76619690,24.90422080",,,,,,318750.00|||618750.00|||937500.00,,,,,,2026
15,CBPF-SUD-26-R-UN-NSFT-39213,7|||9|||11,17.00|||33.00|||50.00,69##,North Kordofan,,,,,,31600##36800##30100##32800|||0##0##3000##3300|||19600##22700##18600##20400,,,,,,"13.83064410,29.41793240",,,,,,318750.00|||618750.00|||937500.00,,,,,,2026
15,CBPF-SUD-26-R-UN-NSFT-39213,7|||9|||11,17.00|||33.00|||50.00,69##,Northern,,,,,,31600##36800##30100##32800|||0##0##3000##3300|||19600##22700##18600##20400,,,,,,"18.44489630,30.15893030",,,,,,318750.00|||618750.00|||937500.00,,,,,,2026
15,CBPF-SUD-26-R-UN-NSFT-39213,7|||9|||11,17.00|||33.00|||50.00,69##,Sennar,,,,,,31600##36800##30100##32800|||0##0##3000##3300|||19600##22700##18600##20400,,,,,,"13.56746900,33.56720450",,,,,,318750.00|||618750.00|||937500.00,,,,,,2026
15,CBPF-SUD-26-R-UN-NSFT-39213,7|||9|||11,17.00|||33.00|||50.00,69##,South Darfur,,,,,,31600##36800##30100##32800|||0##0##3000##3300|||19600##22700##18600##20400,,,,,,"11.64886390,24.90422080",,,,,,318750.00|||618750.00|||937500.00,,,,,,2026
15,CBPF-SUD-26-R-UN-NSFT-39213,7|||9|||11,17.00|||33.00|||50.00,69##,South Kordofan,,,,,,31600##36800##30100##32800|||0##0##3000##3300|||19600##22700##18600##20400,,,,,,"11.19901920,29.41793240",,,,,,318750.00|||618750.00|||937500.00,,,,,,2026
15,CBPF-SUD-26-R-UN-NSFT-39213,7|||9|||11,17.00|||33.00|||50.00,69##,West Darfur,,,,,,31600##36800##30100##32800|||0##0##3000##3300|||19600##22700##18600##20400,,,,,,"12.84635610,23.00119890",,,,,,318750.00|||618750.00|||937500.00,,,,,,2026
15,CBPF-SUD-26-R-UN-NSFT-39213,7|||9|||11,17.00|||33.00|||50.00,69##,West Kordofan,,,,,,31600##36800##30100##32800|||0##0##3000##3300|||19600##22700##18600##20400,,,,,,"11.89871900,28.12255600",,,,,,318750.00|||618750.00|||937500.00,,,,,,2026
15,CBPF-SUD-26-R-UN-NSFT-39213,7|||9|||11,17.00|||33.00|||50.00,69##,White Nile,,,,,,30200##36300##31600##33100|||0##0##2000##3500|||18000##23500##20000##19000,,,,,,"13.24038810,32.53727410",,,,,,318750.00|||618750.00|||937500.00,,,,,,2026
19,CBPF-SSD-26-R-INGO-NSFT-39259,4|||10,50.00|||50.00,101##102##,Upper Nile,Fashoda,,,,,0##0##0##0|||1210##2173##1080##2019,0##0##0##0|||1210##2173##1080##2019,,,,,"9.88942020,32.71813750","9.98029866,31.84422008",,,,,0.00|||321647.58,0.00|||321647.58,,,,,2026
19,CBPF-SSD-26-R-INGO-NSFT-39259,4|||10,50.00|||50.00,101##102##,Upper Nile,Malakal,,,,,3027##3160##3685##3289|||2181##3851##1921##3551,3027##3160##3685##3289|||2181##3851##1921##3551,,,,,"9.88942020,32.71813750","9.65845692,31.64279691",,,,,437798.09|||571817.92,437798.09|||571817.92,,,,,2026
19,CBPF-SSD-26-R-INGO-NSFT-39259,4|||10,50.00|||50.00,101##102##103##,Abyei Administrative Area,Abyei Administration Area,Abyei Administrative Area,,,,3073##3207##3742##3342|||0##0##0##0,3073##3207##3742##3342|||0##0##0##0,3073##3207##3742##3342|||0##0##0##0,,,,"9.78690740,28.41357814","9.78690740,28.41357814","9.78690740,28.41357814",,,,455667.41|||0.00,455667.41|||0.00,455667.41|||0.00,,,,2026
19,CBPF-SSD-26-R-INGO-NSFT-39260,4|||11,49.00|||51.00,101##102##103##,Northern Bahr el Ghazal,Aweil East,Baac,,,,1792##1948##2025##2025|||2283##2483##2584##2584,1792##1948##2025##2025|||2283##2483##2584##2584,1792##1948##2025##2025|||2283##2483##2584##2584,,,,"8.53604490,26.79678490","9.24291515,27.61322837","9.34417715,27.55756695",,,,263978.05|||274752.66,263978.05|||274752.66,263978.05|||274752.66,,,,2026
19,CBPF-SSD-26-R-INGO-NSFT-39260,4|||11,49.00|||51.00,101##102##103##,Northern Bahr el Ghazal,Aweil East,Madhol,,,,1193##1297##1349##1349|||1523##1655##1720##1720,1193##1297##1349##1349|||1523##1655##1720##1720,1193##1297##1349##1349|||1523##1655##1720##1720,,,,"8.53604490,26.79678490","9.24291515,27.61322837","9.20555083,27.70736777",,,,175985.36|||183168.44,175985.36|||183168.44,175985.36|||183168.44,,,,2026
19,CBPF-SSD-26-R-INGO-NSFT-39260,4|||11,49.00|||51.00,101##102##103##,Northern Bahr el Ghazal,Aweil East,Mangar_Tong_1,,,,1193##1297##1349##1349|||1523##1655##1720##1720,1193##1297##1349##1349|||1523##1655##1720##1720,1193##1297##1349##1349|||1523##1655##1720##1720,,,,"8.53604490,26.79678490","9.24291515,27.61322837","9.31821653,27.44384210",,,,175985.36|||183168.44,175985.36|||183168.44,175985.36|||183168.44,,,,2026
19,CBPF-SSD-26-R-INGO-NSFT-39260,4|||11,49.00|||51.00,101##102##103##,Northern Bahr el Ghazal,Aweil East,Wunlang,,,,895##972##1012##1012|||1142##1241##1291##1291,895##972##1012##1012|||1142##1241##1291##1291,895##972##1012##1012|||1142##1241##1291##1291,,,,"8.53604490,26.79678490","9.24291515,27.61322837","9.19050703,27.41895116",,,,131989.02|||137376.33,131989.02|||137376.33,131989.02|||137376.33,,,,2026
19,CBPF-SSD-26-R-INGO-NSFT-39260,4|||11,49.00|||51.00,101##102##103##,Northern Bahr el Ghazal,Aweil East,Yargot,,,,895##972##1012##1012|||1142##1241##1291##1291,895##972##1012##1012|||1142##1241##1291##1291,895##972##1012##1012|||1142##1241##1291##1291,,,,"8.53604490,26.79678490","9.24291515,27.61322837","9.30236385,27.32907403",,,,131989.02|||137376.33,131989.02|||137376.33,131989.02|||137376.33,,,,2026
19,CBPF-SSD-26-R-INGO-NSFT-39266,9|||11,13.00|||87.00,101##102##103##,Jonglei,Pibor,Gumruk,,,,207##928##4537##4640|||1617##2757##2474##2664,207##928##4537##4640|||1617##2757##2474##2664,207##928##4537##4640|||1617##2757##2474##2664,,,,"7.18196190,32.35609520","6.39648675,33.56973574","6.51402124,32.65577351",,,,47282.74|||263692.22,47282.74|||263692.22,47282.74|||263692.22,,,,2026
19,CBPF-SSD-26-R-INGO-NSFT-39266,9|||11,13.00|||87.00,101##102##103##,Jonglei,Pibor,Lekuangole,,,,172##774##3780##3867|||2262##3863##3463##3729,172##774##3780##3867|||2262##3863##3463##3729,172##774##3780##3867|||2262##3863##3463##3729,,,,"7.18196190,32.35609520","6.39648675,33.56973574","7.11420755,32.89026869",,,,39402.29|||369169.10,39402.29|||369169.10,39402.29|||369169.10,,,,2026
19,CBPF-SSD-26-R-INGO-NSFT-39266,9|||11,13.00|||87.00,101##102##103##,Jonglei,Pibor,Pibor,,,,275##1237##6049##6187|||1940##3311##2968##3196,275##1237##6049##6187|||1940##3311##2968##3196,275##1237##6049##6187|||1940##3311##2968##3196,,,,"7.18196190,32.35609520","6.39648675,33.56973574","6.67961899,33.36510065",,,,63043.66|||316430.66,63043.66|||316430.66,63043.66|||316430.66,,,,2026
19,CBPF-SSD-26-R-INGO-NSFT-39266,9|||11,13.00|||87.00,101##102##103##,Jonglei,Pibor,Verteth,,,,34##154##757##773|||649##1103##988##1064,34##154##757##773|||649##1103##988##1064,34##154##757##773|||649##1103##988##1064,,,,"7.18196190,32.35609520","6.39648675,33.56973574","6.15917866,33.15861182",,,,7880.46|||105476.89,7880.46|||105476.89,7880.46|||105476.89,,,,2026
19,CBPF-SSD-26-R-INGO-NSFT-39267,7|||9|||11,66.00|||6.00|||28.00,101##102##,Upper Nile,Maban,,,,,2793##3026##698##756|||0##2520##4116##4284|||4180##4529##1045##1132,2793##3026##698##756|||0##2520##4116##4284|||4180##4529##1045##1132,,,,,"9.88942020,32.71813750","10.02400746,33.46008070",,,,,545556.21|||141702.91|||211609.68,545556.21|||141702.91|||211609.68,,,,,2026
19,CBPF-SSD-26-R-INGO-NSFT-39267,7|||9|||11,66.00|||6.00|||28.00,101##102##,Upper Nile,Renk,,,,,14304##15496##3576##3874|||0##0##0##0|||5580##13020##2232##2418,14304##15496##3576##3874|||0##0##0##0|||5580##13020##2232##2418,,,,,"9.88942020,32.71813750","11.36275320,32.95701388",,,,,1013175.83|||0.00|||449670.58,1013175.83|||0.00|||449670.58,,,,,2026
19,CBPF-SSD-26-R-INGO-NSFT-39271,11,100.00,101##102##,Upper Nile,Panyikang,,,,,10668##14731##12191##13208,10668##14731##12191##13208,,,,,"9.88942020,32.71813750","9.44299761,31.44282122",,,,,1402033.01,1402033.01,,,,,2026
19,CBPF-SSD-26-R-NGO-NSFT-39246,4|||7|||10,41.00|||9.00|||50.00,101##102##103##,Jonglei,Fangak,Manajang,,,,397##927##662##662|||0##0##0##0|||309##720##515##515,397##927##662##662|||0##0##0##0|||309##720##515##515,397##927##662##662|||0##0##0##0|||309##720##515##515,,,,"7.18196190,32.35609520","9.06663935,30.68497435","9.34100718,30.88639117",,,,109195.35|||0.00|||133165.06,109195.35|||0.00|||133165.06,109195.35|||0.00|||133165.06,,,,2026
19,CBPF-SSD-26-R-NGO-NSFT-39246,4|||7|||10,41.00|||9.00|||50.00,101##102##103##,Jonglei,Fangak,Mareang,,,,397##927##662##662|||0##0##0##0|||309##720##515##515,397##927##662##662|||0##0##0##0|||309##720##515##515,397##927##662##662|||0##0##0##0|||309##720##515##515,,,,"7.18196190,32.35609520","9.06663935,30.68497435","8.78216077,30.56853987",,,,109195.35|||0.00|||133165.06,109195.35|||0.00|||133165.06,109195.35|||0.00|||133165.06,,,,2026
19,CBPF-SSD-26-R-NGO-NSFT-39246,4|||7|||10,41.00|||9.00|||50.00,101##102##103##,Jonglei,Fangak,Old_Fangak,,,,397##927##662##662|||0##0##0##0|||309##720##515##515,397##927##662##662|||0##0##0##0|||309##720##515##515,397##927##662##662|||0##0##0##0|||309##720##515##515,,,,"7.18196190,32.35609520","9.06663935,30.68497435","9.01490706,30.96648754",,,,109195.35|||0.00|||133165.06,109195.35|||0.00|||133165.06,109195.35|||0.00|||133165.06,,,,2026
19,CBPF-SSD-26-R-NGO-NSFT-39246,4|||7|||10,41.00|||9.00|||50.00,101##102##103##,Jonglei,Fangak,Phom,,,,396##922##659##659|||0##0##0##0|||305##719##508##508,396##922##659##659|||0##0##0##0|||305##719##508##508,396##922##659##659|||0##0##0##0|||305##719##508##508,,,,"7.18196190,32.35609520","9.06663935,30.68497435","9.39400359,31.13897768",,,,109195.35|||0.00|||133165.06,109195.35|||0.00|||133165.06,109195.35|||0.00|||133165.06,,,,2026
19,CBPF-SSD-26-R-NGO-NSFT-39246,4|||7|||10,41.00|||9.00|||50.00,101##102##103##,Unity,Leer,Adok,,,,398##927##662##662|||0##0##0##0|||309##720##515##515,398##927##662##662|||0##0##0##0|||309##720##515##515,398##927##662##662|||0##0##0##0|||309##720##515##515,,,,"8.92772110,29.78892480","8.17450355,30.22686743","8.40174587,30.28106596",,,,109195.35|||0.00|||133165.06,109195.35|||0.00|||133165.06,109195.35|||0.00|||133165.06,,,,2026
19,CBPF-SSD-26-R-NGO-NSFT-39246,4|||7|||10,41.00|||9.00|||50.00,101##102##103##,Unity,Leer,Bow,,,,397##927##662##662|||0##0##0##0|||312##720##515##515,397##927##662##662|||0##0##0##0|||312##720##515##515,397##927##662##662|||0##0##0##0|||312##720##515##515,,,,"8.92772110,29.78892480","8.17450355,30.22686743","8.34323569,30.18767328",,,,109195.35|||0.00|||133165.06,109195.35|||0.00|||133165.06,109195.35|||0.00|||133165.06,,,,2026
19,CBPF-SSD-26-R-NGO-NSFT-39246,4|||7|||10,41.00|||9.00|||50.00,101##102##103##,Unity,Leer,Leer,,,,397##927##662##662|||0##0##0##0|||309##720##515##515,397##927##662##662|||0##0##0##0|||309##720##515##515,397##927##662##662|||0##0##0##0|||309##720##515##515,,,,"8.92772110,29.78892480","8.17450355,30.22686743","8.25956021,30.10882907",,,,109195.35|||0.00|||133165.06,109195.35|||0.00|||133165.06,109195.35|||0.00|||133165.06,,,,2026
19,CBPF-SSD-26-R-NGO-NSFT-39246,4|||7|||10,41.00|||9.00|||50.00,101##102##103##,Unity,Leer,Yang,,,,397##927##662##662|||0##0##0##0|||309##721##515##515,397##927##662##662|||0##0##0##0|||309##721##515##515,397##927##662##662|||0##0##0##0|||309##721##515##515,,,,"8.92772110,29.78892480","8.17450355,30.22686743","8.05991756,30.26677064",,,,109195.35|||0.00|||133165.06,109195.35|||0.00|||133165.06,109195.35|||0.00|||133165.06,,,,2026
19,CBPF-SSD-26-R-NGO-NSFT-39246,4|||7|||10,41.00|||9.00|||50.00,101##102##103##,Unity,Mayendit,Dablual,,,,0##0##0##0|||549##1268##900##900|||0##0##0##0,0##0##0##0|||549##1268##900##900|||0##0##0##0,0##0##0##0|||549##1268##900##900|||0##0##0##0,,,,"8.92772110,29.78892480","8.12251354,29.91973693","8.29392315,30.02890523",,,,0.00|||95878.84|||0.00,0.00|||95878.84|||0.00,0.00|||95878.84|||0.00,,,,2026
19,CBPF-SSD-26-R-NGO-NSFT-39246,4|||7|||10,41.00|||9.00|||50.00,101##102##103##,Unity,Mayendit,Rubkuay,,,,0##0##0##0|||548##1267##900##900|||0##0##0##0,0##0##0##0|||548##1267##900##900|||0##0##0##0,0##0##0##0|||548##1267##900##900|||0##0##0##0,,,,"8.92772110,29.78892480","8.12251354,29.91973693","8.40436342,30.08378508",,,,0.00|||95878.84|||0.00,0.00|||95878.84|||0.00,0.00|||95878.84|||0.00,,,,2026
19,CBPF-SSD-26-R-NGO-NSFT-39262,4|||7|||9|||11,9.00|||20.00|||6.00|||65.00,101##102##,Jonglei,Fangak,,,,,0##0##0##0|||2077##3465##3743##4574|||857##1427##1542##1883|||7200##12000##12960##15840,0##0##0##0|||2077##3465##3743##4574|||857##1427##1542##1883|||7200##12000##12960##15840,,,,,"7.18196190,32.35609520","9.06663935,30.68497435",,,,,0.00|||506880.80|||152064.24|||1054312.06,0.00|||506880.80|||152064.24|||1054312.06,,,,,2026
19,CBPF-SSD-26-R-NGO-NSFT-39262,4|||7|||9|||11,9.00|||20.00|||6.00|||65.00,101##102##,Upper Nile,Fashoda,,,,,1449##2414##2605##3185|||0##0##0##0|||0##0##0##0|||4050##6750##7290##8909,1449##2414##2605##3185|||0##0##0##0|||0##0##0##0|||4050##6750##7290##8909,,,,,"9.88942020,32.71813750","9.98029866,31.84422008",,,,,228096.36|||0.00|||0.00|||593050.54,228096.36|||0.00|||0.00|||593050.54,,,,,2026
19,CBPF-SSD-26-R-NGO-NSFT-39292,10|||11,74.00|||26.00,101##102##,Jonglei,Canal/Pigi,,,,,2007##2247##1847##1927|||3196##3580##2941##3068,2007##2247##1847##1927|||3196##3580##2941##3068,,,,,"7.18196190,32.35609520","9.08414861,31.44143272",,,,,394068.41|||355016.58,394068.41|||355016.58,,,,,2026
19,CBPF-SSD-26-R-NGO-NSFT-39292,10|||11,74.00|||26.00,101##102##,Unity,Mayendit,,,,,875##980##805##840|||0##0##0##0,875##980##805##840|||0##0##0##0,,,,,"8.92772110,29.78892480","8.12251354,29.91973693",,,,,171773.41|||0.00,171773.41|||0.00,,,,,2026
19,CBPF-SSD-26-R-NGO-NSFT-39292,10|||11,74.00|||26.00,101##102##,Unity,Panyijiar,,,,,1440##1613##1325##1382|||0##0##0##0,1440##1613##1325##1382|||0##0##0##0,,,,,"8.92772110,29.78892480","7.52557134,30.33560956",,,,,282920.91|||0.00,282920.91|||0.00,,,,,2026
19,CBPF-SSD-26-R-NGO-NSFT-39292,10|||11,74.00|||26.00,101##102##,Upper Nile,Panyikang,,,,,823##922##757##790|||0##0##0##0,823##922##757##790|||0##0##0##0,,,,,"9.88942020,32.71813750","9.44299761,31.44282122",,,,,161669.09|||0.00,161669.09|||0.00,,,,,2026
24,CBPF-DRC-26-R-INGO-38998,4|||11|||13,37.00|||32.00|||31.00,65##66##80##,Sud-Kivu,Uvira,Hauts-Plateaux,,,,480##510##990##1020|||480##510##990##1020|||480##510##990##1020,480##510##990##1020|||480##510##990##1020|||480##510##990##1020,480##510##990##1020|||480##510##990##1020|||480##510##990##1020,,,,"-2.50002100,28.86666700","-3.13518823,29.00241586","-3.25781443,28.92683667",,,,249743.30|||215994.20|||209244.39,249743.30|||215994.20|||209244.39,249743.30|||215994.20|||209244.39,,,,2026
24,CBPF-DRC-26-R-INGO-39015,11|||13,43.00|||57.00,65##66##80##,Sud-Kivu,Walungu,Kaziba,,,,1804##2018##2519##2479|||1987##2226##2775##2732,1804##2018##2519##2479|||1987##2226##2775##2732,1804##2018##2519##2479|||1987##2226##2775##2732,,,,"-2.50002100,28.86666700","-2.42450501,28.38264768","-2.86019360,28.82350577",,,,267675.00|||427500.00,267675.00|||427500.00,267675.00|||427500.00,,,,2026
24,CBPF-DRC-26-R-INGO-39015,11|||13,43.00|||57.00,65##66##80##,Sud-Kivu,Walungu,Nyangezi,,,,404##454##565##557|||0##0##0##0,404##454##565##557|||0##0##0##0,404##454##565##557|||0##0##0##0,,,,"-2.50002100,28.86666700","-2.42450501,28.38264768","-2.72649593,28.90463930",,,,54825.00|||0.00,54825.00|||0.00,54825.00|||0.00,,,,2026
53,CBPF-ETH-26-R-NGO-NSFT-39287,1|||15,52.00|||48.00,465##466##467##,Amhara,North Shewa (AM),Debre Berhan town,,,,1471##2206##490##735|||0##0##0##0,1471##2206##490##735|||0##0##0##0,1471##2206##490##735|||0##0##0##0,,,,"38.04353746,11.56495269","39.48713865,9.80338296","39.52583641,9.66437275",,,,29016.00|||0.00,29016.00|||0.00,29016.00|||0.00,,,,2026
53,CBPF-ETH-26-R-NGO-NSFT-39287,1|||15,52.00|||48.00,465##466##467##,Amhara,North Shewa (AM),Menze Keya Gabriel,,,,182##272##61##91|||0##0##0##0,182##272##61##91|||0##0##0##0,182##272##61##91|||0##0##0##0,,,,"38.04353746,11.56495269","39.48713865,9.80338296","39.36731576,10.18215219",,,,212784.00|||0.00,212784.00|||0.00,212784.00|||0.00,,,,2026
53,CBPF-ETH-26-R-NGO-NSFT-39287,1|||15,52.00|||48.00,465##466##467##,Amhara,North Wello,Habru,,,,2767##4150##922##1383|||0##0##0##0,2767##4150##922##1383|||0##0##0##0,2767##4150##922##1383|||0##0##0##0,,,,"38.04353746,11.56495269","39.21092587,11.90812567","39.76181943,11.67132540",,,,54808.00|||0.00,54808.00|||0.00,54808.00|||0.00,,,,2026
53,CBPF-ETH-26-R-NGO-NSFT-39287,1|||15,52.00|||48.00,465##466##467##,Amhara,North Wello,Kobo town,,,,465##697##155##232|||0##0##0##0,465##697##155##232|||0##0##0##0,465##697##155##232|||0##0##0##0,,,,"38.04353746,11.56495269","39.21092587,11.90812567","39.63358131,12.15088188",,,,11284.00|||0.00,11284.00|||0.00,11284.00|||0.00,,,,2026
53,CBPF-ETH-26-R-NGO-NSFT-39287,1|||15,52.00|||48.00,465##466##467##,Amhara,North Wello,Raya Kobo,,,,213##320##71##107|||0##0##0##0,213##320##71##107|||0##0##0##0,213##320##71##107|||0##0##0##0,,,,"38.04353746,11.56495269","39.21092587,11.90812567","39.64168437,12.10625195",,,,4030.00|||0.00,4030.00|||0.00,4030.00|||0.00,,,,2026
53,CBPF-ETH-26-R-NGO-NSFT-39287,1|||15,52.00|||48.00,465##466##467##,Amhara,South Wello,Degolo town,,,,71##107##24##36|||0##0##0##0,71##107##24##36|||0##0##0##0,71##107##24##36|||0##0##0##0,,,,"38.04353746,11.56495269","39.20805153,10.99710105","39.25855746,10.42007277",,,,806.00|||0.00,806.00|||0.00,806.00|||0.00,,,,2026
53,CBPF-ETH-26-R-NGO-NSFT-39287,1|||15,52.00|||48.00,465##466##467##,Amhara,South Wello,Kalu,,,,571##857##190##286|||0##0##0##0,571##857##190##286|||0##0##0##0,571##857##190##286|||0##0##0##0,,,,"38.04353746,11.56495269","39.20805153,10.99710105","39.83515499,11.07440683",,,,11284.00|||0.00,11284.00|||0.00,11284.00|||0.00,,,,2026
53,CBPF-ETH-26-R-NGO-NSFT-39287,1|||15,52.00|||48.00,465##466##467##,Amhara,South Wello,Kutaber,,,,518##776##173##259|||0##0##0##0,518##776##173##259|||0##0##0##0,518##776##173##259|||0##0##0##0,,,,"38.04353746,11.56495269","39.20805153,10.99710105","39.46064191,11.28049440",,,,9672.00|||0.00,9672.00|||0.00,9672.00|||0.00,,,,2026
53,CBPF-ETH-26-R-NGO-NSFT-39287,1|||15,52.00|||48.00,465##466##467##,Amhara,South Wello,Thehulederie,,,,992##1487##331##496|||0##0##0##0,992##1487##331##496|||0##0##0##0,992##1487##331##496|||0##0##0##0,,,,"38.04353746,11.56495269","39.20805153,10.99710105","39.69387151,11.32505592",,,,19344.00|||0.00,19344.00|||0.00,19344.00|||0.00,,,,2026
53,CBPF-ETH-26-R-NGO-NSFT-39287,1|||15,52.00|||48.00,465##466##467##,Amhara,South Wello,Wegel tena town,,,,181##273##60##90|||0##0##0##0,181##273##60##90|||0##0##0##0,181##273##60##90|||0##0##0##0,,,,"38.04353746,11.56495269","39.20805153,10.99710105","39.21553061,11.59239629",,,,211978.00|||0.00,211978.00|||0.00,211978.00|||0.00,,,,2026
53,CBPF-ETH-26-R-NGO-NSFT-39287,1|||15,52.00|||48.00,465##466##467##,Amhara,Wag Hamra,Abergele (AM),,,,779##1168##260##389|||0##0##0##0,779##1168##260##389|||0##0##0##0,779##1168##260##389|||0##0##0##0,,,,"38.04353746,11.56495269","38.81687580,12.72117251","38.88136361,13.07739886",,,,15314.00|||0.00,15314.00|||0.00,15314.00|||0.00,,,,2026
53,CBPF-ETH-26-R-NGO-NSFT-39287,1|||15,52.00|||48.00,465##466##467##,Amhara,Wag Hamra,Tsagbeji,,,,182##272##61##91|||0##0##0##0,182##272##61##91|||0##0##0##0,182##272##61##91|||0##0##0##0,,,,"38.04353746,11.56495269","38.81687580,12.72117251","39.17292028,12.76988718",,,,212784.00|||0.00,212784.00|||0.00,212784.00|||0.00,,,,2026
53,CBPF-ETH-26-R-NGO-NSFT-39287,1|||15,52.00|||48.00,465##466##467##,Tigray,Mekelle,Adihaki Sub City,,,,0##0##0##0|||129##195##43##66,0##0##0##0|||129##195##43##66,0##0##0##0|||129##195##43##66,,,,"38.90445187,13.86703100","39.50540987,13.47556251","39.45111619,13.47895888",,,,0.00|||37200.00,0.00|||37200.00,0.00|||37200.00,,,,2026
53,CBPF-ETH-26-R-NGO-NSFT-39287,1|||15,52.00|||48.00,465##466##467##,Tigray,Mekelle,Ayder Sub City,,,,0##0##0##0|||129##193##43##65,0##0##0##0|||129##193##43##65,0##0##0##0|||129##193##43##65,,,,"38.90445187,13.86703100","39.50540987,13.47556251","39.46709192,13.55098389",,,,0.00|||37200.00,0.00|||37200.00,0.00|||37200.00,,,,2026
53,CBPF-ETH-26-R-NGO-NSFT-39287,1|||15,52.00|||48.00,465##466##467##,Tigray,Mekelle,HadnETHSub City,,,,0##0##0##0|||129##194##43##65,0##0##0##0|||129##194##43##65,0##0##0##0|||129##194##43##65,,,,"38.90445187,13.86703100","39.50540987,13.47556251","39.44016009,13.44855496",,,,0.00|||37200.00,0.00|||37200.00,0.00|||37200.00,,,,2026
53,CBPF-ETH-26-R-NGO-NSFT-39287,1|||15,52.00|||48.00,465##466##467##,Tigray,Mekelle,Hawelti Sub City,,,,0##0##0##0|||129##193##43##64,0##0##0##0|||129##193##43##64,0##0##0##0|||129##193##43##64,,,,"38.90445187,13.86703100","39.50540987,13.47556251","39.44511961,13.50389146",,,,0.00|||37200.00,0.00|||37200.00,0.00|||37200.00,,,,2026
53,CBPF-ETH-26-R-NGO-NSFT-39287,1|||15,52.00|||48.00,465##466##467##,Tigray,Mekelle,Kuiha Sub City,,,,0##0##0##0|||129##193##43##64,0##0##0##0|||129##193##43##64,0##0##0##0|||129##193##43##64,,,,"38.90445187,13.86703100","39.50540987,13.47556251","39.55327001,13.45003828",,,,0.00|||37200.00,0.00|||37200.00,0.00|||37200.00,,,,2026
53,CBPF-ETH-26-R-NGO-NSFT-39287,1|||15,52.00|||48.00,465##466##467##,Tigray,Mekelle,Qedamay Weyane Sub City,,,,0##0##0##0|||129##193##43##64,0##0##0##0|||129##193##43##64,0##0##0##0|||129##193##43##64,,,,"38.90445187,13.86703100","39.50540987,13.47556251","39.48137301,13.48642753",,,,0.00|||37200.00,0.00|||37200.00,0.00|||37200.00,,,,2026
53,CBPF-ETH-26-R-NGO-NSFT-39287,1|||15,52.00|||48.00,465##466##467##,Tigray,Mekelle,Semen Sub City,,,,0##0##0##0|||129##194##43##64,0##0##0##0|||129##194##43##64,0##0##0##0|||129##194##43##64,,,,"38.90445187,13.86703100","39.50540987,13.47556251","39.50914588,13.52586729",,,,0.00|||37200.00,0.00|||37200.00,0.00|||37200.00,,,,2026
53,CBPF-ETH-26-R-NGO-NSFT-39287,1|||15,52.00|||48.00,465##466##467##,Tigray,North Western,Maekel Adiyabo,,,,656##983##219##328|||0##0##0##0,656##983##219##328|||0##0##0##0,656##983##219##328|||0##0##0##0,,,,"38.90445187,13.86703100","38.01604538,14.23455564","38.02598480,14.53140886",,,,12896.00|||0.00,12896.00|||0.00,12896.00|||0.00,,,,2026
53,CBPF-ETH-26-R-NGO-NSFT-39287,1|||15,52.00|||48.00,465##466##467##,Tigray,South Eastern,Adigudom,,,,0##0##0##0|||1086##1629##362##543,0##0##0##0|||1086##1629##362##543,0##0##0##0|||1086##1629##362##543,,,,"38.90445187,13.86703100","39.40576515,13.28593880","39.50334660,13.24433996",,,,0.00|||319920.00,0.00|||319920.00,0.00|||319920.00,,,,2026
53,CBPF-ETH-26-R-NGO-NSFT-39287,1|||15,52.00|||48.00,465##466##467##,Tigray,Southern,Mekhoni town,,,,0##0##0##0|||561##808##220##320,0##0##0##0|||561##808##220##320,0##0##0##0|||561##808##220##320,,,,"38.90445187,13.86703100","39.55632475,12.82758443","39.64320446,12.79620049",,,,0.00|||163680.00,0.00|||163680.00,0.00|||163680.00,,,,2026
81,CBPF-UKR-26-S-O-38919,10,100.00,366##375##,Kyiv,Kyiv,,,,,1085##1470##472##473,1085##1470##472##473,,,,,"50.42981047,30.55437837","50.42981047,30.55437837",,,,,199080.99,199080.99,,,,,2026
99,CBPF-BGD-26-R-INGO-NSFT-39303,1|||4|||11,28.00|||52.00|||20.00,493##494##495##496##497##,Chattogram,Cox's Bazar,Ukhia,Palangkhali,Camp 13,,2203##2437##2555##2389|||3376##3790##3839##3701|||0##0##0##0,2203##2437##2555##2389|||3376##3790##3839##3701|||0##0##0##0,2203##2437##2555##2389|||3376##3790##3839##3701|||0##0##0##0,2203##2437##2555##2389|||3376##3790##3839##3701|||0##0##0##0,2203##2437##2555##2389|||3376##3790##3839##3701|||0##0##0##0,,"22.70130795,91.70586117","21.47601129,92.06251686","21.22806281,92.11533652","21.20059110,92.08898828","21.17858400,92.13985600",,119798.00|||222482.00|||0.00,119798.00|||222482.00|||0.00,119798.00|||222482.00|||0.00,119798.00|||222482.00|||0.00,119798.00|||222482.00|||0.00,,2026
99,CBPF-BGD-26-R-INGO-NSFT-39303,1|||4|||11,28.00|||52.00|||20.00,493##494##495##496##497##,Chattogram,Cox's Bazar,Ukhia,Palangkhali,Camp 15,,1470##1626##1704##1594|||2252##2528##2552##2469|||4561##5021##5226##5123,1470##1626##1704##1594|||2252##2528##2552##2469|||4561##5021##5226##5123,1470##1626##1704##1594|||2252##2528##2552##2469|||4561##5021##5226##5123,1470##1626##1704##1594|||2252##2528##2552##2469|||4561##5021##5226##5123,1470##1626##1704##1594|||2252##2528##2552##2469|||4561##5021##5226##5123,,"22.70130795,91.70586117","21.47601129,92.06251686","21.22806281,92.11533652","21.20059110,92.08898828","21.16064000,92.14289600",,78008.00|||144872.00|||199000.00,78008.00|||144872.00|||199000.00,78008.00|||144872.00|||199000.00,78008.00|||144872.00|||199000.00,78008.00|||144872.00|||199000.00,,2026
99,CBPF-BGD-26-R-INGO-NSFT-39303,1|||4|||11,28.00|||52.00|||20.00,493##494##495##496##497##,Chattogram,Cox's Bazar,Ukhia,Palangkhali,Camp 16,,1468##1625##1703##1592|||2250##2527##2568##2467|||0##0##0##0,1468##1625##1703##1592|||2250##2527##2568##2467|||0##0##0##0,1468##1625##1703##1592|||2250##2527##2568##2467|||0##0##0##0,1468##1625##1703##1592|||2250##2527##2568##2467|||0##0##0##0,1468##1625##1703##1592|||2250##2527##2568##2467|||0##0##0##0,,"22.70130795,91.70586117","21.47601129,92.06251686","21.22806281,92.11533652","21.20059110,92.08898828","21.15638100,92.14906900",,80794.00|||150046.00|||0.00,80794.00|||150046.00|||0.00,80794.00|||150046.00|||0.00,80794.00|||150046.00|||0.00,80794.00|||150046.00|||0.00,,2026
99,CBPF-BGD-26-R-INGO-NSFT-39313,11,100.00,493##494##495##496##497##,Chattogram,Cox's Bazar,Ukhia,Palangkhali,Camp 13,,6238##7030##7014##6797,6238##7030##7014##6797,6238##7030##7014##6797,6238##7030##7014##6797,6238##7030##7014##6797,,"22.70130795,91.70586117","21.47601129,92.06251686","21.22806281,92.11533652","21.20059110,92.08898828","21.17858400,92.13985600",,300000.00,300000.00,300000.00,300000.00,300000.00,,2026
99,CBPF-BGD-26-R-INGO-NSFT-39313,11,100.00,493##494##495##496##497##,Chattogram,Cox's Bazar,Ukhia,Palangkhali,Camp 19,,6281##7062##7320##6952,6281##7062##7320##6952,6281##7062##7320##6952,6281##7062##7320##6952,6281##7062##7320##6952,,"22.70130795,91.70586117","21.47601129,92.06251686","21.22806281,92.11533652","21.20059110,92.08898828","21.18328400,92.14238500",,300000.00,300000.00,300000.00,300000.00,300000.00,,2026
99,CBPF-BGD-26-R-UN-NSFT-39309,9|||11,6.00|||94.00,493##494##495##496##,Chattogram,Cox's Bazar,Teknaf,Teknaf,,,0##1311##1547##1487|||5577##6361##6675##6387,0##1311##1547##1487|||5577##6361##6675##6387,0##1311##1547##1487|||5577##6361##6675##6387,0##1311##1547##1487|||5577##6361##6675##6387,,,"22.70130795,91.70586117","21.47601129,92.06251686","20.96925109,92.23706772","20.89083561,92.26270451",,,56265.00|||641080.02,56265.00|||641080.02,56265.00|||641080.02,56265.00|||641080.02,,,2026
99,CBPF-BGD-26-R-UN-NSFT-39309,9|||11,6.00|||94.00,493##494##495##496##,Chattogram,Cox's Bazar,Ukhia,Palangkhali,,,0##12529##11203##10763|||115923##131339##139125##128613,0##12529##11203##10763|||115923##131339##139125##128613,0##12529##11203##10763|||115923##131339##139125##128613,0##12529##11203##10763|||115923##131339##139125##128613,,,"22.70130795,91.70586117","21.47601129,92.06251686","21.22806281,92.11533652","21.20059110,92.08898828",,,455235.01|||7372420.18,455235.01|||7372420.18,455235.01|||7372420.18,455235.01|||7372420.18,,,2026
99,CBPF-BGD-26-R-UN-NSFT-39317,6|||9,98.00|||2.00,493##494##495##496##,Chattogram,Cox's Bazar,Ukhia,Haldia Palang,,,273970##277314##370147##328769|||0##1882##38277##37333,273970##277314##370147##328769|||0##1882##38277##37333,273970##277314##370147##328769|||0##1882##38277##37333,273970##277314##370147##328769|||0##1882##38277##37333,,,"22.70130795,91.70586117","21.47601129,92.06251686","21.22806281,92.11533652","21.30920060,92.12306160",,,94080000.00|||1920000.00,94080000.00|||1920000.00,94080000.00|||1920000.00,94080000.00|||1920000.00,,,2026
